-- phpMyAdmin SQL Dump
-- version 5.2.1
-- https://www.phpmyadmin.net/
--
-- Máy chủ: 127.0.0.1
-- Thời gian đã tạo: Th10 13, 2025 lúc 08:24 AM
-- Phiên bản máy phục vụ: 10.4.32-MariaDB
-- Phiên bản PHP: 8.1.25

SET SQL_MODE = "NO_AUTO_VALUE_ON_ZERO";
START TRANSACTION;
SET time_zone = "+00:00";


/*!40101 SET @OLD_CHARACTER_SET_CLIENT=@@CHARACTER_SET_CLIENT */;
/*!40101 SET @OLD_CHARACTER_SET_RESULTS=@@CHARACTER_SET_RESULTS */;
/*!40101 SET @OLD_COLLATION_CONNECTION=@@COLLATION_CONNECTION */;
/*!40101 SET NAMES utf8mb4 */;

--
-- Cơ sở dữ liệu: `datvephim`
--

-- --------------------------------------------------------

--
-- Cấu trúc bảng cho bảng `chitietphieu`
--

CREATE TABLE `chitietphieu` (
  `MaCT` int(11) NOT NULL,
  `MaPhieu` int(11) DEFAULT NULL,
  `MaGhe` int(11) DEFAULT NULL,
  `DonGia` decimal(10,2) DEFAULT NULL,
  `LoaiGhe` enum('Thường','VIP') DEFAULT NULL
) ENGINE=InnoDB DEFAULT CHARSET=utf8mb4 COLLATE=utf8mb4_general_ci;

--
-- Đang đổ dữ liệu cho bảng `chitietphieu`
--

INSERT INTO `chitietphieu` (`MaCT`, `MaPhieu`, `MaGhe`, `DonGia`, `LoaiGhe`) VALUES
(28, 1, 1, 80000.00, 'Thường'),
(29, 1, 2, 80000.00, 'Thường'),
(30, 1, 35, 96000.00, 'VIP'),
(31, 2, 15, 81000.00, 'Thường'),
(32, 2, 16, 81000.00, 'Thường'),
(33, 3, 25, 85000.00, 'Thường'),
(34, 3, 26, 85000.00, 'Thường'),
(35, 3, 27, 102000.00, 'VIP'),
(36, 4, 30, 90000.00, 'Thường'),
(37, 4, 31, 90000.00, 'Thường'),
(38, 4, 32, 90000.00, 'Thường'),
(39, 5, 40, 108000.00, 'VIP'),
(40, 5, 68, 108000.00, 'VIP'),
(41, 7, 3, 90000.00, 'Thường'),
(42, 7, 4, 90000.00, 'Thường'),
(43, 8, 5, 125000.00, 'VIP'),
(44, 8, 6, 125000.00, 'VIP'),
(45, 9, 7, 100000.00, 'Thường'),
(46, 9, 8, 100000.00, 'Thường'),
(47, 10, 9, 150000.00, 'VIP'),
(48, 10, 10, 150000.00, 'VIP'),
(49, 11, 11, 75000.00, 'Thường'),
(50, 11, 12, 75000.00, 'Thường'),
(51, 12, 13, 110000.00, 'VIP'),
(52, 12, 14, 110000.00, 'VIP'),
(53, 13, 15, 95000.00, 'Thường'),
(54, 13, 16, 95000.00, 'Thường'),
(55, 1, 1, 80000.00, 'Thường'),
(56, 1, 2, 80000.00, 'Thường'),
(57, 1, 35, 96000.00, 'VIP'),
(58, 2, 15, 81000.00, 'Thường'),
(59, 2, 16, 81000.00, 'Thường'),
(60, 3, 25, 85000.00, 'Thường'),
(61, 3, 26, 85000.00, 'Thường'),
(62, 3, 27, 102000.00, 'VIP'),
(63, 4, 30, 90000.00, 'Thường'),
(64, 4, 31, 90000.00, 'Thường'),
(65, 4, 32, 90000.00, 'Thường'),
(66, 5, 40, 108000.00, 'VIP'),
(67, 5, 68, 108000.00, 'VIP'),
(68, 20, 71, 90000.00, 'Thường'),
(70, 21, 68, 90000.00, 'Thường'),
(71, 21, 77, 90000.00, 'Thường'),
(73, 22, 68, 90000.00, 'Thường'),
(74, 22, 77, 90000.00, 'Thường'),
(76, 23, 67, 90000.00, 'Thường'),
(78, 24, 67, 90000.00, 'Thường'),
(81, 25, 77, 90000.00, 'Thường'),
(82, 26, 16, 90000.00, 'Thường'),
(83, 27, 16, 90000.00, 'Thường'),
(84, 28, 16, 90000.00, 'Thường'),
(85, 29, 7, 90000.00, 'Thường'),
(86, 29, 6, 90000.00, 'Thường'),
(87, 29, 37, 108000.00, 'VIP'),
(88, 30, 7, 90000.00, 'Thường'),
(89, 30, 6, 90000.00, 'Thường'),
(90, 30, 37, 108000.00, 'VIP'),
(91, 31, 15, 90000.00, 'Thường'),
(92, 32, 87, 90000.00, 'Thường'),
(93, 33, 269, 90000.00, 'Thường'),
(94, 33, 268, 90000.00, 'Thường'),
(95, 34, 269, 90000.00, 'Thường'),
(96, 34, 268, 90000.00, 'Thường'),
(97, 35, 96, 108000.00, 'VIP'),
(98, 35, 88, 90000.00, 'Thường'),
(99, 36, 68, 90000.00, 'Thường'),
(100, 36, 77, 90000.00, 'Thường'),
(101, 37, 68, 90000.00, 'Thường'),
(102, 37, 77, 90000.00, 'Thường'),
(104, 39, 172, 114000.00, 'VIP'),
(107, 41, 27, 90000.00, 'Thường'),
(108, 41, 26, 90000.00, 'Thường'),
(109, 42, 132, 80000.00, 'Thường'),
(110, 42, 141, 80000.00, 'Thường'),
(111, 43, 24, 90000.00, 'Thường'),
(112, 43, 25, 90000.00, 'Thường'),
(119, 47, 17, 88000.00, 'Thường'),
(120, 47, 16, 88000.00, 'Thường'),
(153, 57, 279, 80000.00, 'Thường'),
(154, 57, 308, 96000.00, 'VIP'),
(155, 57, 297, 80000.00, 'Thường'),
(156, 57, 301, 80000.00, 'Thường'),
(157, 58, 87, 85000.00, 'Thường'),
(158, 58, 96, 102000.00, 'VIP'),
(159, 58, 95, 102000.00, 'VIP'),
(160, 59, 76, 85000.00, 'Thường'),
(161, 59, 94, 102000.00, 'VIP'),
(162, 59, 86, 85000.00, 'Thường'),
(163, 60, 202, 90000.00, 'Thường'),
(164, 60, 212, 90000.00, 'Thường'),
(165, 60, 221, 90000.00, 'Thường'),
(166, 61, 86, 90000.00, 'Thường'),
(167, 61, 94, 108000.00, 'VIP'),
(168, 61, 87, 90000.00, 'Thường'),
(169, 62, 85, 90000.00, 'Thường'),
(170, 62, 86, 90000.00, 'Thường'),
(171, 62, 87, 90000.00, 'Thường'),
(172, 63, 88, 90000.00, 'Thường'),
(173, 63, 87, 90000.00, 'Thường'),
(174, 64, 88, 90000.00, 'Thường'),
(175, 64, 87, 90000.00, 'Thường'),
(176, 65, 78, 90000.00, 'Thường'),
(177, 65, 87, 90000.00, 'Thường'),
(178, 66, 17, 90000.00, 'Thường'),
(179, 66, 18, 90000.00, 'Thường'),
(180, 67, 33, 108000.00, 'VIP'),
(181, 68, 231, 108000.00, 'VIP'),
(182, 68, 232, 108000.00, 'VIP'),
(183, 69, 27, 90000.00, 'Thường'),
(184, 69, 26, 90000.00, 'Thường'),
(185, 70, 27, 90000.00, 'Thường'),
(186, 70, 28, 90000.00, 'Thường'),
(187, 71, 38, 108000.00, 'VIP'),
(188, 71, 39, 108000.00, 'VIP'),
(189, 72, 6, 90000.00, 'Thường'),
(190, 72, 5, 90000.00, 'Thường'),
(191, 73, 153, 90000.00, 'Thường'),
(192, 73, 154, 90000.00, 'Thường'),
(193, 74, 38, 96000.00, 'VIP'),
(194, 74, 37, 96000.00, 'VIP'),
(195, 75, 29, 90000.00, 'Thường'),
(196, 75, 28, 90000.00, 'Thường'),
(197, 76, 86, 90000.00, 'Thường'),
(198, 76, 87, 90000.00, 'Thường'),
(199, 76, 95, 108000.00, 'VIP'),
(200, 77, 98, 105600.00, 'VIP'),
(201, 77, 97, 105600.00, 'VIP'),
(202, 78, 222, 85000.00, 'Thường'),
(203, 78, 223, 85000.00, 'Thường'),
(204, 79, 36, 102000.00, 'VIP'),
(205, 79, 35, 102000.00, 'VIP'),
(206, 80, 26, 85000.00, 'Thường'),
(207, 80, 27, 85000.00, 'Thường'),
(208, 81, 95, 102000.00, 'VIP'),
(209, 81, 86, 85000.00, 'Thường'),
(210, 82, 95, 102000.00, 'VIP'),
(211, 82, 96, 102000.00, 'VIP'),
(212, 83, 36, 98400.00, 'VIP'),
(213, 83, 37, 98400.00, 'VIP'),
(214, 83, 27, 82000.00, 'Thường'),
(215, 84, 36, 98400.00, 'VIP'),
(216, 84, 35, 98400.00, 'VIP'),
(217, 85, 34, 93600.00, 'VIP'),
(218, 86, 94, 108000.00, 'VIP'),
(219, 87, 18, 78000.00, 'Thường'),
(220, 88, 28, 90000.00, 'Thường'),
(221, 88, 27, 90000.00, 'Thường'),
(222, 89, 76, 90000.00, 'Thường'),
(223, 89, 85, 90000.00, 'Thường'),
(224, 90, 35, 98400.00, 'VIP'),
(225, 90, 36, 98400.00, 'VIP'),
(226, 91, 95, 98400.00, 'VIP'),
(227, 92, 171, 96000.00, 'VIP'),
(228, 92, 172, 96000.00, 'VIP'),
(229, 93, 162, 80000.00, 'Thường'),
(230, 93, 163, 80000.00, 'Thường'),
(231, 94, 160, 80000.00, 'Thường'),
(232, 94, 161, 80000.00, 'Thường'),
(233, 95, 305, 96000.00, 'VIP'),
(234, 95, 306, 96000.00, 'VIP'),
(235, 96, 161, 80000.00, 'Thường'),
(236, 96, 162, 80000.00, 'Thường'),
(237, 97, 172, 96000.00, 'VIP'),
(238, 98, 66, 75000.00, 'Thường'),
(239, 98, 76, 75000.00, 'Thường'),
(240, 99, 151, 80000.00, 'Thường'),
(241, 99, 172, 96000.00, 'VIP'),
(242, 100, 151, 80000.00, 'Thường'),
(243, 100, 172, 96000.00, 'VIP'),
(244, 101, 36, 108000.00, 'VIP'),
(245, 101, 26, 90000.00, 'Thường'),
(246, 102, 87, 85000.00, 'Thường'),
(247, 102, 86, 85000.00, 'Thường'),
(248, 103, 96, 102000.00, 'VIP'),
(249, 104, 309, 102000.00, 'VIP'),
(250, 104, 308, 102000.00, 'VIP'),
(251, 105, 86, 85000.00, 'Thường'),
(252, 105, 84, 85000.00, 'Thường'),
(253, 106, 175, 102000.00, 'VIP'),
(254, 106, 163, 85000.00, 'Thường'),
(255, 107, 37, 102000.00, 'VIP'),
(256, 107, 36, 102000.00, 'VIP'),
(257, 108, 36, 102000.00, 'VIP'),
(258, 108, 35, 102000.00, 'VIP');

-- --------------------------------------------------------

--
-- Cấu trúc bảng cho bảng `ghe`
--

CREATE TABLE `ghe` (
  `MaGhe` int(11) NOT NULL,
  `MaPhong` int(11) DEFAULT NULL,
  `SoGhe` varchar(10) DEFAULT NULL,
  `LoaiGhe` enum('Thường','VIP') DEFAULT NULL
) ENGINE=InnoDB DEFAULT CHARSET=utf8mb4 COLLATE=utf8mb4_general_ci;

--
-- Đang đổ dữ liệu cho bảng `ghe`
--

INSERT INTO `ghe` (`MaGhe`, `MaPhong`, `SoGhe`, `LoaiGhe`) VALUES
(1, 1, 'A1', 'Thường'),
(2, 1, 'A2', 'Thường'),
(3, 1, 'A3', 'Thường'),
(4, 1, 'A4', 'Thường'),
(5, 1, 'A5', 'Thường'),
(6, 1, 'A6', 'Thường'),
(7, 1, 'A7', 'Thường'),
(8, 1, 'A8', 'Thường'),
(9, 1, 'A9', 'Thường'),
(10, 1, 'A10', 'Thường'),
(11, 1, 'B1', 'Thường'),
(12, 1, 'B2', 'Thường'),
(13, 1, 'B3', 'Thường'),
(14, 1, 'B4', 'Thường'),
(15, 1, 'B5', 'Thường'),
(16, 1, 'B6', 'Thường'),
(17, 1, 'B7', 'Thường'),
(18, 1, 'B8', 'Thường'),
(19, 1, 'B9', 'Thường'),
(20, 1, 'B10', 'Thường'),
(21, 1, 'C1', 'Thường'),
(22, 1, 'C2', 'Thường'),
(23, 1, 'C3', 'Thường'),
(24, 1, 'C4', 'Thường'),
(25, 1, 'C5', 'Thường'),
(26, 1, 'C6', 'Thường'),
(27, 1, 'C7', 'Thường'),
(28, 1, 'C8', 'Thường'),
(29, 1, 'C9', 'Thường'),
(30, 1, 'C10', 'Thường'),
(31, 1, 'D1', 'VIP'),
(32, 1, 'D2', 'VIP'),
(33, 1, 'D3', 'VIP'),
(34, 1, 'D4', 'VIP'),
(35, 1, 'D5', 'VIP'),
(36, 1, 'D6', 'VIP'),
(37, 1, 'D7', 'VIP'),
(38, 1, 'D8', 'VIP'),
(39, 1, 'D9', 'VIP'),
(40, 1, 'D10', 'VIP'),
(64, 2, 'A1', 'Thường'),
(65, 2, 'A2', 'Thường'),
(66, 2, 'A3', 'Thường'),
(67, 2, 'A4', 'Thường'),
(68, 2, 'A5', 'Thường'),
(69, 2, 'A6', 'Thường'),
(70, 2, 'A7', 'Thường'),
(71, 2, 'A8', 'Thường'),
(72, 2, 'A9', 'Thường'),
(73, 2, 'B1', 'Thường'),
(74, 2, 'B2', 'Thường'),
(75, 2, 'B3', 'Thường'),
(76, 2, 'B4', 'Thường'),
(77, 2, 'B5', 'Thường'),
(78, 2, 'B6', 'Thường'),
(79, 2, 'B7', 'Thường'),
(80, 2, 'B8', 'Thường'),
(81, 2, 'B9', 'Thường'),
(82, 2, 'C1', 'Thường'),
(83, 2, 'C2', 'Thường'),
(84, 2, 'C3', 'Thường'),
(85, 2, 'C4', 'Thường'),
(86, 2, 'C5', 'Thường'),
(87, 2, 'C6', 'Thường'),
(88, 2, 'C7', 'Thường'),
(89, 2, 'C8', 'VIP'),
(90, 2, 'C9', 'VIP'),
(91, 2, 'D1', 'VIP'),
(92, 2, 'D2', 'VIP'),
(93, 2, 'D3', 'VIP'),
(94, 2, 'D4', 'VIP'),
(95, 2, 'D5', 'VIP'),
(96, 2, 'D6', 'VIP'),
(97, 2, 'D7', 'VIP'),
(98, 2, 'D8', 'VIP'),
(127, 3, 'A1', 'Thường'),
(128, 3, 'A2', 'Thường'),
(129, 3, 'A3', 'Thường'),
(130, 3, 'A4', 'Thường'),
(131, 3, 'A5', 'Thường'),
(132, 3, 'A6', 'Thường'),
(133, 3, 'A7', 'Thường'),
(134, 3, 'A8', 'Thường'),
(135, 3, 'A9', 'Thường'),
(136, 3, 'A10', 'Thường'),
(137, 3, 'B1', 'Thường'),
(138, 3, 'B2', 'Thường'),
(139, 3, 'B3', 'Thường'),
(140, 3, 'B4', 'Thường'),
(141, 3, 'B5', 'Thường'),
(142, 3, 'B6', 'Thường'),
(143, 3, 'B7', 'Thường'),
(144, 3, 'B8', 'Thường'),
(145, 3, 'B9', 'Thường'),
(146, 3, 'B10', 'Thường'),
(147, 3, 'C1', 'Thường'),
(148, 3, 'C2', 'Thường'),
(149, 3, 'C3', 'Thường'),
(150, 3, 'C4', 'Thường'),
(151, 3, 'C5', 'Thường'),
(152, 3, 'C6', 'Thường'),
(153, 3, 'C7', 'Thường'),
(154, 3, 'C8', 'Thường'),
(155, 3, 'C9', 'Thường'),
(156, 3, 'C10', 'Thường'),
(157, 3, 'D1', 'Thường'),
(158, 3, 'D2', 'Thường'),
(159, 3, 'D3', 'Thường'),
(160, 3, 'D4', 'Thường'),
(161, 3, 'D5', 'Thường'),
(162, 3, 'D6', 'Thường'),
(163, 3, 'D7', 'Thường'),
(164, 3, 'D8', 'Thường'),
(165, 3, 'D9', 'Thường'),
(166, 3, 'D10', 'Thường'),
(167, 3, 'E1', 'VIP'),
(168, 3, 'E2', 'VIP'),
(169, 3, 'E3', 'VIP'),
(170, 3, 'E4', 'VIP'),
(171, 3, 'E5', 'VIP'),
(172, 3, 'E6', 'VIP'),
(173, 3, 'E7', 'VIP'),
(174, 3, 'E8', 'VIP'),
(175, 3, 'E9', 'VIP'),
(176, 3, 'E10', 'VIP'),
(190, 4, 'A1', 'Thường'),
(191, 4, 'A2', 'Thường'),
(192, 4, 'A3', 'Thường'),
(193, 4, 'A4', 'Thường'),
(194, 4, 'A5', 'Thường'),
(195, 4, 'A6', 'Thường'),
(196, 4, 'A7', 'Thường'),
(197, 4, 'A8', 'Thường'),
(198, 4, 'A9', 'Thường'),
(199, 4, 'B1', 'Thường'),
(200, 4, 'B2', 'Thường'),
(201, 4, 'B3', 'Thường'),
(202, 4, 'B4', 'Thường'),
(203, 4, 'B5', 'Thường'),
(204, 4, 'B6', 'Thường'),
(205, 4, 'B7', 'Thường'),
(206, 4, 'B8', 'Thường'),
(207, 4, 'B9', 'Thường'),
(208, 4, 'C1', 'Thường'),
(209, 4, 'C2', 'Thường'),
(210, 4, 'C3', 'Thường'),
(211, 4, 'C4', 'Thường'),
(212, 4, 'C5', 'Thường'),
(213, 4, 'C6', 'Thường'),
(214, 4, 'C7', 'Thường'),
(215, 4, 'C8', 'Thường'),
(216, 4, 'C9', 'Thường'),
(217, 4, 'D1', 'Thường'),
(218, 4, 'D2', 'Thường'),
(219, 4, 'D3', 'Thường'),
(220, 4, 'D4', 'Thường'),
(221, 4, 'D5', 'Thường'),
(222, 4, 'D6', 'Thường'),
(223, 4, 'D7', 'Thường'),
(224, 4, 'D8', 'Thường'),
(225, 4, 'D9', 'VIP'),
(226, 4, 'E1', 'VIP'),
(227, 4, 'E2', 'VIP'),
(228, 4, 'E3', 'VIP'),
(229, 4, 'E4', 'VIP'),
(230, 4, 'E5', 'VIP'),
(231, 4, 'E6', 'VIP'),
(232, 4, 'E7', 'VIP'),
(233, 4, 'E8', 'VIP'),
(234, 4, 'E9', 'VIP'),
(253, 5, 'A1', 'Thường'),
(254, 5, 'A2', 'Thường'),
(255, 5, 'A3', 'Thường'),
(256, 5, 'A4', 'Thường'),
(257, 5, 'A5', 'Thường'),
(258, 5, 'A6', 'Thường'),
(259, 5, 'A7', 'Thường'),
(260, 5, 'A8', 'Thường'),
(261, 5, 'A9', 'Thường'),
(262, 5, 'A10', 'Thường'),
(263, 5, 'B1', 'Thường'),
(264, 5, 'B2', 'Thường'),
(265, 5, 'B3', 'Thường'),
(266, 5, 'B4', 'Thường'),
(267, 5, 'B5', 'Thường'),
(268, 5, 'B6', 'Thường'),
(269, 5, 'B7', 'Thường'),
(270, 5, 'B8', 'Thường'),
(271, 5, 'B9', 'Thường'),
(272, 5, 'B10', 'Thường'),
(273, 5, 'C1', 'Thường'),
(274, 5, 'C2', 'Thường'),
(275, 5, 'C3', 'Thường'),
(276, 5, 'C4', 'Thường'),
(277, 5, 'C5', 'Thường'),
(278, 5, 'C6', 'Thường'),
(279, 5, 'C7', 'Thường'),
(280, 5, 'C8', 'Thường'),
(281, 5, 'C9', 'Thường'),
(282, 5, 'C10', 'Thường'),
(283, 5, 'D1', 'Thường'),
(284, 5, 'D2', 'Thường'),
(285, 5, 'D3', 'Thường'),
(286, 5, 'D4', 'Thường'),
(287, 5, 'D5', 'Thường'),
(288, 5, 'D6', 'Thường'),
(289, 5, 'D7', 'Thường'),
(290, 5, 'D8', 'Thường'),
(291, 5, 'D9', 'Thường'),
(292, 5, 'D10', 'Thường'),
(293, 5, 'E1', 'Thường'),
(294, 5, 'E2', 'Thường'),
(295, 5, 'E3', 'Thường'),
(296, 5, 'E4', 'Thường'),
(297, 5, 'E5', 'Thường'),
(298, 5, 'E6', 'Thường'),
(299, 5, 'E7', 'Thường'),
(300, 5, 'E8', 'Thường'),
(301, 5, 'E9', 'Thường'),
(302, 5, 'E10', 'Thường'),
(303, 5, 'F1', 'VIP'),
(304, 5, 'F2', 'VIP'),
(305, 5, 'F3', 'VIP'),
(306, 5, 'F4', 'VIP'),
(307, 5, 'F5', 'VIP'),
(308, 5, 'F6', 'VIP'),
(309, 5, 'F7', 'VIP'),
(310, 5, 'F8', 'VIP'),
(311, 5, 'F9', 'VIP'),
(312, 5, 'F10', 'VIP');

-- --------------------------------------------------------

--
-- Cấu trúc bảng cho bảng `ghesuatchieu`
--

CREATE TABLE `ghesuatchieu` (
  `MaGheSuat` int(11) NOT NULL,
  `MaSuat` int(11) DEFAULT NULL,
  `MaGhe` int(11) DEFAULT NULL,
  `TrangThai` enum('Trống','Tạm giữ','Đã đặt') DEFAULT NULL
) ENGINE=InnoDB DEFAULT CHARSET=utf8mb4 COLLATE=utf8mb4_general_ci;

--
-- Đang đổ dữ liệu cho bảng `ghesuatchieu`
--

INSERT INTO `ghesuatchieu` (`MaGheSuat`, `MaSuat`, `MaGhe`, `TrangThai`) VALUES
(1, 1, 1, 'Trống'),
(2, 1, 2, 'Trống'),
(3, 1, 3, 'Trống'),
(4, 1, 4, 'Trống'),
(5, 1, 5, 'Trống'),
(6, 1, 6, 'Trống'),
(7, 1, 7, 'Trống'),
(8, 1, 8, 'Trống'),
(9, 1, 9, 'Trống'),
(10, 1, 10, 'Trống'),
(11, 1, 11, 'Trống'),
(12, 1, 12, 'Trống'),
(13, 1, 13, 'Trống'),
(14, 1, 14, 'Trống'),
(15, 1, 15, 'Trống'),
(16, 1, 16, 'Trống'),
(17, 1, 17, 'Trống'),
(18, 1, 18, 'Trống'),
(19, 1, 19, 'Trống'),
(20, 1, 20, 'Trống'),
(21, 1, 21, 'Trống'),
(22, 1, 22, 'Trống'),
(23, 1, 23, 'Trống'),
(24, 1, 24, 'Trống'),
(25, 1, 25, 'Trống'),
(26, 1, 26, 'Trống'),
(27, 1, 27, 'Trống'),
(28, 1, 28, 'Trống'),
(29, 1, 29, 'Trống'),
(30, 1, 30, 'Trống'),
(31, 1, 31, 'Trống'),
(32, 1, 32, 'Trống'),
(33, 1, 33, 'Trống'),
(34, 1, 34, 'Trống'),
(35, 1, 35, 'Trống'),
(36, 1, 36, 'Trống'),
(37, 1, 37, 'Trống'),
(38, 1, 38, 'Trống'),
(39, 1, 39, 'Trống'),
(40, 1, 40, 'Trống'),
(64, 2, 64, 'Trống'),
(65, 2, 65, 'Trống'),
(66, 2, 66, 'Trống'),
(67, 2, 67, 'Trống'),
(68, 2, 68, 'Trống'),
(69, 2, 69, 'Trống'),
(70, 2, 70, 'Trống'),
(71, 2, 71, 'Trống'),
(72, 2, 72, 'Trống'),
(73, 2, 73, 'Trống'),
(74, 2, 74, 'Trống'),
(75, 2, 75, 'Trống'),
(76, 2, 76, 'Trống'),
(77, 2, 77, 'Trống'),
(78, 2, 78, 'Trống'),
(79, 2, 79, 'Trống'),
(80, 2, 80, 'Trống'),
(81, 2, 81, 'Trống'),
(82, 2, 82, 'Trống'),
(83, 2, 83, 'Trống'),
(84, 2, 84, 'Trống'),
(85, 2, 85, 'Trống'),
(86, 2, 86, 'Trống'),
(87, 2, 87, 'Trống'),
(88, 2, 88, 'Trống'),
(89, 2, 89, 'Trống'),
(90, 2, 90, 'Trống'),
(91, 2, 91, 'Trống'),
(92, 2, 92, 'Trống'),
(93, 2, 93, 'Trống'),
(94, 2, 94, 'Trống'),
(95, 2, 95, 'Trống'),
(96, 2, 96, 'Trống'),
(97, 2, 97, 'Trống'),
(98, 2, 98, 'Trống'),
(379, 19, 64, 'Tạm giữ'),
(380, 19, 65, 'Tạm giữ'),
(381, 19, 66, 'Trống'),
(382, 19, 67, 'Trống'),
(383, 19, 68, 'Đã đặt'),
(384, 19, 69, 'Trống'),
(385, 19, 70, 'Trống'),
(386, 19, 71, 'Đã đặt'),
(387, 19, 72, 'Trống'),
(388, 19, 73, 'Trống'),
(389, 19, 74, 'Tạm giữ'),
(390, 19, 75, 'Trống'),
(391, 19, 76, 'Trống'),
(392, 19, 77, 'Trống'),
(393, 19, 78, 'Trống'),
(394, 19, 79, 'Trống'),
(395, 19, 80, 'Tạm giữ'),
(396, 19, 81, 'Trống'),
(397, 19, 82, 'Trống'),
(398, 19, 83, 'Trống'),
(399, 19, 84, 'Tạm giữ'),
(400, 19, 85, 'Trống'),
(401, 19, 86, 'Tạm giữ'),
(402, 19, 87, 'Tạm giữ'),
(403, 19, 88, 'Trống'),
(404, 19, 89, 'Tạm giữ'),
(405, 19, 90, 'Tạm giữ'),
(406, 19, 91, 'Trống'),
(407, 19, 92, 'Trống'),
(408, 19, 93, 'Trống'),
(409, 19, 94, 'Tạm giữ'),
(410, 19, 95, 'Trống'),
(411, 19, 96, 'Tạm giữ'),
(412, 19, 97, 'Trống'),
(413, 19, 98, 'Trống'),
(822, 4, 1, 'Trống'),
(823, 4, 2, 'Trống'),
(824, 4, 3, 'Trống'),
(825, 4, 4, 'Trống'),
(826, 4, 5, 'Trống'),
(827, 4, 6, 'Trống'),
(828, 4, 7, 'Trống'),
(829, 4, 8, 'Trống'),
(830, 4, 9, 'Trống'),
(831, 4, 10, 'Trống'),
(832, 4, 11, 'Trống'),
(833, 4, 12, 'Trống'),
(834, 4, 13, 'Trống'),
(835, 4, 14, 'Trống'),
(836, 4, 15, 'Trống'),
(837, 4, 16, 'Trống'),
(838, 4, 17, 'Trống'),
(839, 4, 18, 'Trống'),
(840, 4, 19, 'Trống'),
(841, 4, 20, 'Trống'),
(842, 4, 21, 'Trống'),
(843, 4, 22, 'Trống'),
(844, 4, 23, 'Trống'),
(845, 4, 24, 'Trống'),
(846, 4, 25, 'Trống'),
(847, 4, 26, 'Trống'),
(848, 4, 27, 'Trống'),
(849, 4, 28, 'Trống'),
(850, 4, 29, 'Trống'),
(851, 4, 30, 'Trống'),
(852, 4, 31, 'Trống'),
(853, 4, 32, 'Trống'),
(854, 4, 33, 'Trống'),
(855, 4, 34, 'Trống'),
(856, 4, 35, 'Trống'),
(857, 4, 36, 'Trống'),
(858, 4, 37, 'Trống'),
(859, 4, 38, 'Trống'),
(860, 4, 39, 'Trống'),
(861, 4, 40, 'Trống'),
(902, 6, 1, 'Trống'),
(903, 6, 2, 'Trống'),
(904, 6, 3, 'Trống'),
(905, 6, 4, 'Trống'),
(906, 6, 5, 'Trống'),
(907, 6, 6, 'Trống'),
(908, 6, 7, 'Trống'),
(909, 6, 8, 'Trống'),
(910, 6, 9, 'Trống'),
(911, 6, 10, 'Trống'),
(912, 6, 11, 'Trống'),
(913, 6, 12, 'Trống'),
(914, 6, 13, 'Trống'),
(915, 6, 14, 'Trống'),
(916, 6, 15, 'Trống'),
(917, 6, 16, 'Trống'),
(918, 6, 17, 'Trống'),
(919, 6, 18, 'Trống'),
(920, 6, 19, 'Trống'),
(921, 6, 20, 'Trống'),
(922, 6, 21, 'Trống'),
(923, 6, 22, 'Trống'),
(924, 6, 23, 'Trống'),
(925, 6, 24, 'Trống'),
(926, 6, 25, 'Trống'),
(927, 6, 26, 'Trống'),
(928, 6, 27, 'Trống'),
(929, 6, 28, 'Trống'),
(930, 6, 29, 'Trống'),
(931, 6, 30, 'Trống'),
(932, 6, 31, 'Trống'),
(933, 6, 32, 'Trống'),
(934, 6, 33, 'Trống'),
(935, 6, 34, 'Trống'),
(936, 6, 35, 'Trống'),
(937, 6, 36, 'Trống'),
(938, 6, 37, 'Trống'),
(939, 6, 38, 'Trống'),
(940, 6, 39, 'Trống'),
(941, 6, 40, 'Trống'),
(982, 8, 1, 'Đã đặt'),
(983, 8, 2, 'Đã đặt'),
(984, 8, 3, 'Trống'),
(985, 8, 4, 'Trống'),
(986, 8, 5, 'Đã đặt'),
(987, 8, 6, 'Đã đặt'),
(988, 8, 7, 'Trống'),
(989, 8, 8, 'Trống'),
(990, 8, 9, 'Đã đặt'),
(991, 8, 10, 'Đã đặt'),
(992, 8, 11, 'Trống'),
(993, 8, 12, 'Trống'),
(994, 8, 13, 'Đã đặt'),
(995, 8, 14, 'Đã đặt'),
(996, 8, 15, 'Trống'),
(997, 8, 16, 'Trống'),
(998, 8, 17, 'Trống'),
(999, 8, 18, 'Trống'),
(1000, 8, 19, 'Trống'),
(1001, 8, 20, 'Trống'),
(1002, 8, 21, 'Trống'),
(1003, 8, 22, 'Trống'),
(1004, 8, 23, 'Trống'),
(1005, 8, 24, 'Trống'),
(1006, 8, 25, 'Đã đặt'),
(1007, 8, 26, 'Đã đặt'),
(1008, 8, 27, 'Đã đặt'),
(1009, 8, 28, 'Trống'),
(1010, 8, 29, 'Trống'),
(1011, 8, 30, 'Trống'),
(1012, 8, 31, 'Trống'),
(1013, 8, 32, 'Trống'),
(1014, 8, 33, 'Trống'),
(1015, 8, 34, 'Trống'),
(1016, 8, 35, 'Đã đặt'),
(1017, 8, 36, 'Trống'),
(1018, 8, 37, 'Trống'),
(1019, 8, 38, 'Trống'),
(1020, 8, 39, 'Trống'),
(1021, 8, 40, 'Đã đặt'),
(1062, 11, 1, 'Trống'),
(1063, 11, 2, 'Trống'),
(1064, 11, 3, 'Trống'),
(1065, 11, 4, 'Trống'),
(1066, 11, 5, 'Trống'),
(1067, 11, 6, 'Trống'),
(1068, 11, 7, 'Trống'),
(1069, 11, 8, 'Trống'),
(1070, 11, 9, 'Trống'),
(1071, 11, 10, 'Trống'),
(1072, 11, 11, 'Trống'),
(1073, 11, 12, 'Trống'),
(1074, 11, 13, 'Trống'),
(1075, 11, 14, 'Trống'),
(1076, 11, 15, 'Trống'),
(1077, 11, 16, 'Trống'),
(1078, 11, 17, 'Trống'),
(1079, 11, 18, 'Trống'),
(1080, 11, 19, 'Trống'),
(1081, 11, 20, 'Trống'),
(1082, 11, 21, 'Trống'),
(1083, 11, 22, 'Trống'),
(1084, 11, 23, 'Trống'),
(1085, 11, 24, 'Trống'),
(1086, 11, 25, 'Trống'),
(1087, 11, 26, 'Trống'),
(1088, 11, 27, 'Trống'),
(1089, 11, 28, 'Trống'),
(1090, 11, 29, 'Trống'),
(1091, 11, 30, 'Trống'),
(1092, 11, 31, 'Trống'),
(1093, 11, 32, 'Trống'),
(1094, 11, 33, 'Trống'),
(1095, 11, 34, 'Trống'),
(1096, 11, 35, 'Trống'),
(1097, 11, 36, 'Trống'),
(1098, 11, 37, 'Trống'),
(1099, 11, 38, 'Trống'),
(1100, 11, 39, 'Trống'),
(1101, 11, 40, 'Trống'),
(1142, 12, 1, 'Trống'),
(1143, 12, 2, 'Trống'),
(1144, 12, 3, 'Trống'),
(1145, 12, 4, 'Trống'),
(1146, 12, 5, 'Trống'),
(1147, 12, 6, 'Trống'),
(1148, 12, 7, 'Trống'),
(1149, 12, 8, 'Trống'),
(1150, 12, 9, 'Trống'),
(1151, 12, 10, 'Trống'),
(1152, 12, 11, 'Trống'),
(1153, 12, 12, 'Trống'),
(1154, 12, 13, 'Trống'),
(1155, 12, 14, 'Trống'),
(1156, 12, 15, 'Trống'),
(1157, 12, 16, 'Trống'),
(1158, 12, 17, 'Trống'),
(1159, 12, 18, 'Trống'),
(1160, 12, 19, 'Trống'),
(1161, 12, 20, 'Trống'),
(1162, 12, 21, 'Trống'),
(1163, 12, 22, 'Trống'),
(1164, 12, 23, 'Trống'),
(1165, 12, 24, 'Trống'),
(1166, 12, 25, 'Trống'),
(1167, 12, 26, 'Trống'),
(1168, 12, 27, 'Trống'),
(1169, 12, 28, 'Trống'),
(1170, 12, 29, 'Trống'),
(1171, 12, 30, 'Trống'),
(1172, 12, 31, 'Trống'),
(1173, 12, 32, 'Trống'),
(1174, 12, 33, 'Trống'),
(1175, 12, 34, 'Trống'),
(1176, 12, 35, 'Trống'),
(1177, 12, 36, 'Trống'),
(1178, 12, 37, 'Trống'),
(1179, 12, 38, 'Trống'),
(1180, 12, 39, 'Trống'),
(1181, 12, 40, 'Trống'),
(1222, 14, 1, 'Đã đặt'),
(1223, 14, 2, 'Đã đặt'),
(1224, 14, 3, 'Trống'),
(1225, 14, 4, 'Trống'),
(1226, 14, 5, 'Đã đặt'),
(1227, 14, 6, 'Đã đặt'),
(1228, 14, 7, 'Trống'),
(1229, 14, 8, 'Trống'),
(1230, 14, 9, 'Đã đặt'),
(1231, 14, 10, 'Đã đặt'),
(1232, 14, 11, 'Trống'),
(1233, 14, 12, 'Trống'),
(1234, 14, 13, 'Đã đặt'),
(1235, 14, 14, 'Đã đặt'),
(1236, 14, 15, 'Trống'),
(1237, 14, 16, 'Trống'),
(1238, 14, 17, 'Trống'),
(1239, 14, 18, 'Đã đặt'),
(1240, 14, 19, 'Trống'),
(1241, 14, 20, 'Trống'),
(1242, 14, 21, 'Trống'),
(1243, 14, 22, 'Trống'),
(1244, 14, 23, 'Trống'),
(1245, 14, 24, 'Trống'),
(1246, 14, 25, 'Đã đặt'),
(1247, 14, 26, 'Đã đặt'),
(1248, 14, 27, 'Đã đặt'),
(1249, 14, 28, 'Trống'),
(1250, 14, 29, 'Trống'),
(1251, 14, 30, 'Trống'),
(1252, 14, 31, 'Trống'),
(1253, 14, 32, 'Trống'),
(1254, 14, 33, 'Trống'),
(1255, 14, 34, 'Đã đặt'),
(1256, 14, 35, 'Đã đặt'),
(1257, 14, 36, 'Trống'),
(1258, 14, 37, 'Trống'),
(1259, 14, 38, 'Trống'),
(1260, 14, 39, 'Trống'),
(1261, 14, 40, 'Đã đặt'),
(1462, 20, 1, 'Đã đặt'),
(1463, 20, 2, 'Đã đặt'),
(1464, 20, 3, 'Trống'),
(1465, 20, 4, 'Trống'),
(1466, 20, 5, 'Đã đặt'),
(1467, 20, 6, 'Đã đặt'),
(1468, 20, 7, 'Trống'),
(1469, 20, 8, 'Trống'),
(1470, 20, 9, 'Đã đặt'),
(1471, 20, 10, 'Đã đặt'),
(1472, 20, 11, 'Trống'),
(1473, 20, 12, 'Trống'),
(1474, 20, 13, 'Đã đặt'),
(1475, 20, 14, 'Đã đặt'),
(1476, 20, 15, 'Trống'),
(1477, 20, 16, 'Đã đặt'),
(1478, 20, 17, 'Đã đặt'),
(1479, 20, 18, 'Trống'),
(1480, 20, 19, 'Trống'),
(1481, 20, 20, 'Trống'),
(1482, 20, 21, 'Trống'),
(1483, 20, 22, 'Trống'),
(1484, 20, 23, 'Trống'),
(1485, 20, 24, 'Trống'),
(1486, 20, 25, 'Đã đặt'),
(1487, 20, 26, 'Đã đặt'),
(1488, 20, 27, 'Đã đặt'),
(1489, 20, 28, 'Trống'),
(1490, 20, 29, 'Trống'),
(1491, 20, 30, 'Trống'),
(1492, 20, 31, 'Trống'),
(1493, 20, 32, 'Trống'),
(1494, 20, 33, 'Trống'),
(1495, 20, 34, 'Trống'),
(1496, 20, 35, 'Đã đặt'),
(1497, 20, 36, 'Trống'),
(1498, 20, 37, 'Trống'),
(1499, 20, 38, 'Trống'),
(1500, 20, 39, 'Trống'),
(1501, 20, 40, 'Đã đặt'),
(1542, 22, 1, 'Đã đặt'),
(1543, 22, 2, 'Đã đặt'),
(1544, 22, 3, 'Trống'),
(1545, 22, 4, 'Trống'),
(1546, 22, 5, 'Đã đặt'),
(1547, 22, 6, 'Đã đặt'),
(1548, 22, 7, 'Trống'),
(1549, 22, 8, 'Trống'),
(1550, 22, 9, 'Đã đặt'),
(1551, 22, 10, 'Đã đặt'),
(1552, 22, 11, 'Trống'),
(1553, 22, 12, 'Trống'),
(1554, 22, 13, 'Đã đặt'),
(1555, 22, 14, 'Đã đặt'),
(1556, 22, 15, 'Trống'),
(1557, 22, 16, 'Trống'),
(1558, 22, 17, 'Trống'),
(1559, 22, 18, 'Trống'),
(1560, 22, 19, 'Trống'),
(1561, 22, 20, 'Trống'),
(1562, 22, 21, 'Trống'),
(1563, 22, 22, 'Trống'),
(1564, 22, 23, 'Trống'),
(1565, 22, 24, 'Trống'),
(1566, 22, 25, 'Đã đặt'),
(1567, 22, 26, 'Đã đặt'),
(1568, 22, 27, 'Đã đặt'),
(1569, 22, 28, 'Trống'),
(1570, 22, 29, 'Trống'),
(1571, 22, 30, 'Trống'),
(1572, 22, 31, 'Trống'),
(1573, 22, 32, 'Trống'),
(1574, 22, 33, 'Trống'),
(1575, 22, 34, 'Trống'),
(1576, 22, 35, 'Đã đặt'),
(1577, 22, 36, 'Trống'),
(1578, 22, 37, 'Đã đặt'),
(1579, 22, 38, 'Đã đặt'),
(1580, 22, 39, 'Trống'),
(1581, 22, 40, 'Đã đặt'),
(1782, 56, 1, 'Trống'),
(1783, 56, 2, 'Trống'),
(1784, 56, 3, 'Trống'),
(1785, 56, 4, 'Trống'),
(1786, 56, 5, 'Trống'),
(1787, 56, 6, 'Trống'),
(1788, 56, 7, 'Trống'),
(1789, 56, 8, 'Trống'),
(1790, 56, 9, 'Trống'),
(1791, 56, 10, 'Trống'),
(1792, 56, 11, 'Trống'),
(1793, 56, 12, 'Trống'),
(1794, 56, 13, 'Trống'),
(1795, 56, 14, 'Trống'),
(1796, 56, 15, 'Trống'),
(1797, 56, 16, 'Trống'),
(1798, 56, 17, 'Trống'),
(1799, 56, 18, 'Trống'),
(1800, 56, 19, 'Trống'),
(1801, 56, 20, 'Trống'),
(1802, 56, 21, 'Trống'),
(1803, 56, 22, 'Trống'),
(1804, 56, 23, 'Trống'),
(1805, 56, 24, 'Trống'),
(1806, 56, 25, 'Trống'),
(1807, 56, 26, 'Trống'),
(1808, 56, 27, 'Trống'),
(1809, 56, 28, 'Trống'),
(1810, 56, 29, 'Trống'),
(1811, 56, 30, 'Trống'),
(1812, 56, 31, 'Trống'),
(1813, 56, 32, 'Trống'),
(1814, 56, 33, 'Trống'),
(1815, 56, 34, 'Trống'),
(1816, 56, 35, 'Trống'),
(1817, 56, 36, 'Trống'),
(1818, 56, 37, 'Trống'),
(1819, 56, 38, 'Trống'),
(1820, 56, 39, 'Trống'),
(1821, 56, 40, 'Trống'),
(2662, 3, 64, 'Trống'),
(2663, 3, 65, 'Trống'),
(2664, 3, 66, 'Trống'),
(2665, 3, 67, 'Trống'),
(2666, 3, 68, 'Trống'),
(2667, 3, 69, 'Trống'),
(2668, 3, 70, 'Trống'),
(2669, 3, 71, 'Trống'),
(2670, 3, 72, 'Trống'),
(2671, 3, 73, 'Trống'),
(2672, 3, 74, 'Trống'),
(2673, 3, 75, 'Trống'),
(2674, 3, 76, 'Trống'),
(2675, 3, 77, 'Trống'),
(2676, 3, 78, 'Trống'),
(2677, 3, 79, 'Trống'),
(2678, 3, 80, 'Trống'),
(2679, 3, 81, 'Trống'),
(2680, 3, 82, 'Trống'),
(2681, 3, 83, 'Trống'),
(2682, 3, 84, 'Trống'),
(2683, 3, 85, 'Trống'),
(2684, 3, 86, 'Trống'),
(2685, 3, 87, 'Trống'),
(2686, 3, 88, 'Trống'),
(2687, 3, 89, 'Trống'),
(2688, 3, 90, 'Trống'),
(2689, 3, 91, 'Trống'),
(2690, 3, 92, 'Trống'),
(2691, 3, 93, 'Trống'),
(2692, 3, 94, 'Trống'),
(2693, 3, 95, 'Trống'),
(2694, 3, 96, 'Trống'),
(2695, 3, 97, 'Trống'),
(2696, 3, 98, 'Trống'),
(2732, 5, 64, 'Trống'),
(2733, 5, 65, 'Trống'),
(2734, 5, 66, 'Trống'),
(2735, 5, 67, 'Trống'),
(2736, 5, 68, 'Đã đặt'),
(2737, 5, 69, 'Trống'),
(2738, 5, 70, 'Trống'),
(2739, 5, 71, 'Đã đặt'),
(2740, 5, 72, 'Trống'),
(2741, 5, 73, 'Trống'),
(2742, 5, 74, 'Trống'),
(2743, 5, 75, 'Trống'),
(2744, 5, 76, 'Trống'),
(2745, 5, 77, 'Trống'),
(2746, 5, 78, 'Trống'),
(2747, 5, 79, 'Trống'),
(2748, 5, 80, 'Trống'),
(2749, 5, 81, 'Trống'),
(2750, 5, 82, 'Trống'),
(2751, 5, 83, 'Trống'),
(2752, 5, 84, 'Trống'),
(2753, 5, 85, 'Trống'),
(2754, 5, 86, 'Trống'),
(2755, 5, 87, 'Trống'),
(2756, 5, 88, 'Trống'),
(2757, 5, 89, 'Trống'),
(2758, 5, 90, 'Trống'),
(2759, 5, 91, 'Trống'),
(2760, 5, 92, 'Trống'),
(2761, 5, 93, 'Trống'),
(2762, 5, 94, 'Trống'),
(2763, 5, 95, 'Trống'),
(2764, 5, 96, 'Trống'),
(2765, 5, 97, 'Trống'),
(2766, 5, 98, 'Trống'),
(2802, 7, 64, 'Trống'),
(2803, 7, 65, 'Trống'),
(2804, 7, 66, 'Trống'),
(2805, 7, 67, 'Trống'),
(2806, 7, 68, 'Trống'),
(2807, 7, 69, 'Trống'),
(2808, 7, 70, 'Trống'),
(2809, 7, 71, 'Trống'),
(2810, 7, 72, 'Trống'),
(2811, 7, 73, 'Trống'),
(2812, 7, 74, 'Trống'),
(2813, 7, 75, 'Trống'),
(2814, 7, 76, 'Trống'),
(2815, 7, 77, 'Trống'),
(2816, 7, 78, 'Trống'),
(2817, 7, 79, 'Trống'),
(2818, 7, 80, 'Trống'),
(2819, 7, 81, 'Trống'),
(2820, 7, 82, 'Trống'),
(2821, 7, 83, 'Trống'),
(2822, 7, 84, 'Trống'),
(2823, 7, 85, 'Trống'),
(2824, 7, 86, 'Trống'),
(2825, 7, 87, 'Trống'),
(2826, 7, 88, 'Trống'),
(2827, 7, 89, 'Trống'),
(2828, 7, 90, 'Trống'),
(2829, 7, 91, 'Trống'),
(2830, 7, 92, 'Trống'),
(2831, 7, 93, 'Trống'),
(2832, 7, 94, 'Trống'),
(2833, 7, 95, 'Trống'),
(2834, 7, 96, 'Trống'),
(2835, 7, 97, 'Trống'),
(2836, 7, 98, 'Trống'),
(2872, 9, 64, 'Trống'),
(2873, 9, 65, 'Trống'),
(2874, 9, 66, 'Trống'),
(2875, 9, 67, 'Trống'),
(2876, 9, 68, 'Trống'),
(2877, 9, 69, 'Trống'),
(2878, 9, 70, 'Trống'),
(2879, 9, 71, 'Trống'),
(2880, 9, 72, 'Trống'),
(2881, 9, 73, 'Trống'),
(2882, 9, 74, 'Trống'),
(2883, 9, 75, 'Trống'),
(2884, 9, 76, 'Trống'),
(2885, 9, 77, 'Trống'),
(2886, 9, 78, 'Trống'),
(2887, 9, 79, 'Trống'),
(2888, 9, 80, 'Trống'),
(2889, 9, 81, 'Trống'),
(2890, 9, 82, 'Trống'),
(2891, 9, 83, 'Trống'),
(2892, 9, 84, 'Trống'),
(2893, 9, 85, 'Trống'),
(2894, 9, 86, 'Trống'),
(2895, 9, 87, 'Trống'),
(2896, 9, 88, 'Trống'),
(2897, 9, 89, 'Trống'),
(2898, 9, 90, 'Trống'),
(2899, 9, 91, 'Trống'),
(2900, 9, 92, 'Trống'),
(2901, 9, 93, 'Trống'),
(2902, 9, 94, 'Trống'),
(2903, 9, 95, 'Trống'),
(2904, 9, 96, 'Trống'),
(2905, 9, 97, 'Trống'),
(2906, 9, 98, 'Trống'),
(2942, 10, 64, 'Trống'),
(2943, 10, 65, 'Trống'),
(2944, 10, 66, 'Trống'),
(2945, 10, 67, 'Trống'),
(2946, 10, 68, 'Đã đặt'),
(2947, 10, 69, 'Trống'),
(2948, 10, 70, 'Trống'),
(2949, 10, 71, 'Đã đặt'),
(2950, 10, 72, 'Trống'),
(2951, 10, 73, 'Trống'),
(2952, 10, 74, 'Trống'),
(2953, 10, 75, 'Trống'),
(2954, 10, 76, 'Trống'),
(2955, 10, 77, 'Trống'),
(2956, 10, 78, 'Trống'),
(2957, 10, 79, 'Trống'),
(2958, 10, 80, 'Trống'),
(2959, 10, 81, 'Trống'),
(2960, 10, 82, 'Trống'),
(2961, 10, 83, 'Trống'),
(2962, 10, 84, 'Trống'),
(2963, 10, 85, 'Trống'),
(2964, 10, 86, 'Trống'),
(2965, 10, 87, 'Trống'),
(2966, 10, 88, 'Trống'),
(2967, 10, 89, 'Trống'),
(2968, 10, 90, 'Trống'),
(2969, 10, 91, 'Trống'),
(2970, 10, 92, 'Trống'),
(2971, 10, 93, 'Trống'),
(2972, 10, 94, 'Trống'),
(2973, 10, 95, 'Đã đặt'),
(2974, 10, 96, 'Trống'),
(2975, 10, 97, 'Trống'),
(2976, 10, 98, 'Trống'),
(3012, 13, 64, 'Trống'),
(3013, 13, 65, 'Trống'),
(3014, 13, 66, 'Trống'),
(3015, 13, 67, 'Trống'),
(3016, 13, 68, 'Trống'),
(3017, 13, 69, 'Trống'),
(3018, 13, 70, 'Trống'),
(3019, 13, 71, 'Trống'),
(3020, 13, 72, 'Trống'),
(3021, 13, 73, 'Trống'),
(3022, 13, 74, 'Trống'),
(3023, 13, 75, 'Trống'),
(3024, 13, 76, 'Trống'),
(3025, 13, 77, 'Trống'),
(3026, 13, 78, 'Trống'),
(3027, 13, 79, 'Trống'),
(3028, 13, 80, 'Trống'),
(3029, 13, 81, 'Trống'),
(3030, 13, 82, 'Trống'),
(3031, 13, 83, 'Trống'),
(3032, 13, 84, 'Trống'),
(3033, 13, 85, 'Trống'),
(3034, 13, 86, 'Trống'),
(3035, 13, 87, 'Trống'),
(3036, 13, 88, 'Trống'),
(3037, 13, 89, 'Trống'),
(3038, 13, 90, 'Trống'),
(3039, 13, 91, 'Trống'),
(3040, 13, 92, 'Trống'),
(3041, 13, 93, 'Trống'),
(3042, 13, 94, 'Trống'),
(3043, 13, 95, 'Trống'),
(3044, 13, 96, 'Trống'),
(3045, 13, 97, 'Trống'),
(3046, 13, 98, 'Trống'),
(3292, 21, 64, 'Trống'),
(3293, 21, 65, 'Trống'),
(3294, 21, 66, 'Trống'),
(3295, 21, 67, 'Trống'),
(3296, 21, 68, 'Đã đặt'),
(3297, 21, 69, 'Trống'),
(3298, 21, 70, 'Trống'),
(3299, 21, 71, 'Đã đặt'),
(3300, 21, 72, 'Trống'),
(3301, 21, 73, 'Trống'),
(3302, 21, 74, 'Trống'),
(3303, 21, 75, 'Trống'),
(3304, 21, 76, 'Trống'),
(3305, 21, 77, 'Trống'),
(3306, 21, 78, 'Trống'),
(3307, 21, 79, 'Trống'),
(3308, 21, 80, 'Trống'),
(3309, 21, 81, 'Trống'),
(3310, 21, 82, 'Trống'),
(3311, 21, 83, 'Trống'),
(3312, 21, 84, 'Trống'),
(3313, 21, 85, 'Trống'),
(3314, 21, 86, 'Trống'),
(3315, 21, 87, 'Trống'),
(3316, 21, 88, 'Trống'),
(3317, 21, 89, 'Trống'),
(3318, 21, 90, 'Trống'),
(3319, 21, 91, 'Trống'),
(3320, 21, 92, 'Trống'),
(3321, 21, 93, 'Trống'),
(3322, 21, 94, 'Trống'),
(3323, 21, 95, 'Trống'),
(3324, 21, 96, 'Trống'),
(3325, 21, 97, 'Đã đặt'),
(3326, 21, 98, 'Đã đặt'),
(3362, 23, 64, 'Trống'),
(3363, 23, 65, 'Trống'),
(3364, 23, 66, 'Trống'),
(3365, 23, 67, 'Trống'),
(3366, 23, 68, 'Đã đặt'),
(3367, 23, 69, 'Trống'),
(3368, 23, 70, 'Trống'),
(3369, 23, 71, 'Đã đặt'),
(3370, 23, 72, 'Trống'),
(3371, 23, 73, 'Trống'),
(3372, 23, 74, 'Trống'),
(3373, 23, 75, 'Trống'),
(3374, 23, 76, 'Trống'),
(3375, 23, 77, 'Trống'),
(3376, 23, 78, 'Trống'),
(3377, 23, 79, 'Trống'),
(3378, 23, 80, 'Trống'),
(3379, 23, 81, 'Trống'),
(3380, 23, 82, 'Trống'),
(3381, 23, 83, 'Trống'),
(3382, 23, 84, 'Trống'),
(3383, 23, 85, 'Trống'),
(3384, 23, 86, 'Trống'),
(3385, 23, 87, 'Trống'),
(3386, 23, 88, 'Trống'),
(3387, 23, 89, 'Trống'),
(3388, 23, 90, 'Trống'),
(3389, 23, 91, 'Trống'),
(3390, 23, 92, 'Trống'),
(3391, 23, 93, 'Trống'),
(3392, 23, 94, 'Đã đặt'),
(3393, 23, 95, 'Trống'),
(3394, 23, 96, 'Trống'),
(3395, 23, 97, 'Trống'),
(3396, 23, 98, 'Trống'),
(4272, 24, 127, 'Trống'),
(4273, 24, 128, 'Trống'),
(4274, 24, 129, 'Trống'),
(4275, 24, 130, 'Trống'),
(4276, 24, 131, 'Trống'),
(4277, 24, 132, 'Trống'),
(4278, 24, 133, 'Trống'),
(4279, 24, 134, 'Trống'),
(4280, 24, 135, 'Trống'),
(4281, 24, 136, 'Trống'),
(4282, 24, 137, 'Trống'),
(4283, 24, 138, 'Trống'),
(4284, 24, 139, 'Trống'),
(4285, 24, 140, 'Trống'),
(4286, 24, 141, 'Trống'),
(4287, 24, 142, 'Trống'),
(4288, 24, 143, 'Trống'),
(4289, 24, 144, 'Trống'),
(4290, 24, 145, 'Trống'),
(4291, 24, 146, 'Trống'),
(4292, 24, 147, 'Trống'),
(4293, 24, 148, 'Trống'),
(4294, 24, 149, 'Trống'),
(4295, 24, 150, 'Trống'),
(4296, 24, 151, 'Trống'),
(4297, 24, 152, 'Trống'),
(4298, 24, 153, 'Đã đặt'),
(4299, 24, 154, 'Đã đặt'),
(4300, 24, 155, 'Trống'),
(4301, 24, 156, 'Trống'),
(4302, 24, 157, 'Trống'),
(4303, 24, 158, 'Trống'),
(4304, 24, 159, 'Trống'),
(4305, 24, 160, 'Trống'),
(4306, 24, 161, 'Trống'),
(4307, 24, 162, 'Trống'),
(4308, 24, 163, 'Trống'),
(4309, 24, 164, 'Trống'),
(4310, 24, 165, 'Trống'),
(4311, 24, 166, 'Trống'),
(4312, 24, 167, 'Trống'),
(4313, 24, 168, 'Trống'),
(4314, 24, 169, 'Trống'),
(4315, 24, 170, 'Trống'),
(4316, 24, 171, 'Trống'),
(4317, 24, 172, 'Trống'),
(4318, 24, 173, 'Trống'),
(4319, 24, 174, 'Trống'),
(4320, 24, 175, 'Trống'),
(4321, 24, 176, 'Trống'),
(4322, 25, 127, 'Trống'),
(4323, 25, 128, 'Trống'),
(4324, 25, 129, 'Trống'),
(4325, 25, 130, 'Trống'),
(4326, 25, 131, 'Trống'),
(4327, 25, 132, 'Trống'),
(4328, 25, 133, 'Trống'),
(4329, 25, 134, 'Trống'),
(4330, 25, 135, 'Trống'),
(4331, 25, 136, 'Trống'),
(4332, 25, 137, 'Trống'),
(4333, 25, 138, 'Trống'),
(4334, 25, 139, 'Trống'),
(4335, 25, 140, 'Trống'),
(4336, 25, 141, 'Trống'),
(4337, 25, 142, 'Trống'),
(4338, 25, 143, 'Trống'),
(4339, 25, 144, 'Trống'),
(4340, 25, 145, 'Trống'),
(4341, 25, 146, 'Trống'),
(4342, 25, 147, 'Trống'),
(4343, 25, 148, 'Trống'),
(4344, 25, 149, 'Trống'),
(4345, 25, 150, 'Trống'),
(4346, 25, 151, 'Trống'),
(4347, 25, 152, 'Trống'),
(4348, 25, 153, 'Trống'),
(4349, 25, 154, 'Trống'),
(4350, 25, 155, 'Trống'),
(4351, 25, 156, 'Trống'),
(4352, 25, 157, 'Trống'),
(4353, 25, 158, 'Trống'),
(4354, 25, 159, 'Trống'),
(4355, 25, 160, 'Trống'),
(4356, 25, 161, 'Trống'),
(4357, 25, 162, 'Trống'),
(4358, 25, 163, 'Trống'),
(4359, 25, 164, 'Trống'),
(4360, 25, 165, 'Trống'),
(4361, 25, 166, 'Trống'),
(4362, 25, 167, 'Trống'),
(4363, 25, 168, 'Trống'),
(4364, 25, 169, 'Trống'),
(4365, 25, 170, 'Trống'),
(4366, 25, 171, 'Trống'),
(4367, 25, 172, 'Trống'),
(4368, 25, 173, 'Trống'),
(4369, 25, 174, 'Trống'),
(4370, 25, 175, 'Trống'),
(4371, 25, 176, 'Trống'),
(4372, 28, 127, 'Trống'),
(4373, 28, 128, 'Trống'),
(4374, 28, 129, 'Trống'),
(4375, 28, 130, 'Trống'),
(4376, 28, 131, 'Trống'),
(4377, 28, 132, 'Trống'),
(4378, 28, 133, 'Trống'),
(4379, 28, 134, 'Trống'),
(4380, 28, 135, 'Trống'),
(4381, 28, 136, 'Trống'),
(4382, 28, 137, 'Trống'),
(4383, 28, 138, 'Trống'),
(4384, 28, 139, 'Trống'),
(4385, 28, 140, 'Trống'),
(4386, 28, 141, 'Trống'),
(4387, 28, 142, 'Trống'),
(4388, 28, 143, 'Trống'),
(4389, 28, 144, 'Trống'),
(4390, 28, 145, 'Trống'),
(4391, 28, 146, 'Trống'),
(4392, 28, 147, 'Trống'),
(4393, 28, 148, 'Trống'),
(4394, 28, 149, 'Trống'),
(4395, 28, 150, 'Trống'),
(4396, 28, 151, 'Trống'),
(4397, 28, 152, 'Trống'),
(4398, 28, 153, 'Trống'),
(4399, 28, 154, 'Trống'),
(4400, 28, 155, 'Trống'),
(4401, 28, 156, 'Trống'),
(4402, 28, 157, 'Trống'),
(4403, 28, 158, 'Trống'),
(4404, 28, 159, 'Trống'),
(4405, 28, 160, 'Trống'),
(4406, 28, 161, 'Trống'),
(4407, 28, 162, 'Trống'),
(4408, 28, 163, 'Trống'),
(4409, 28, 164, 'Trống'),
(4410, 28, 165, 'Trống'),
(4411, 28, 166, 'Trống'),
(4412, 28, 167, 'Trống'),
(4413, 28, 168, 'Trống'),
(4414, 28, 169, 'Trống'),
(4415, 28, 170, 'Trống'),
(4416, 28, 171, 'Trống'),
(4417, 28, 172, 'Trống'),
(4418, 28, 173, 'Trống'),
(4419, 28, 174, 'Trống'),
(4420, 28, 175, 'Trống'),
(4421, 28, 176, 'Trống'),
(4422, 31, 127, 'Trống'),
(4423, 31, 128, 'Trống'),
(4424, 31, 129, 'Trống'),
(4425, 31, 130, 'Trống'),
(4426, 31, 131, 'Trống'),
(4427, 31, 132, 'Trống'),
(4428, 31, 133, 'Trống'),
(4429, 31, 134, 'Trống'),
(4430, 31, 135, 'Trống'),
(4431, 31, 136, 'Trống'),
(4432, 31, 137, 'Trống'),
(4433, 31, 138, 'Trống'),
(4434, 31, 139, 'Trống'),
(4435, 31, 140, 'Trống'),
(4436, 31, 141, 'Trống'),
(4437, 31, 142, 'Trống'),
(4438, 31, 143, 'Trống'),
(4439, 31, 144, 'Trống'),
(4440, 31, 145, 'Trống'),
(4441, 31, 146, 'Trống'),
(4442, 31, 147, 'Trống'),
(4443, 31, 148, 'Trống'),
(4444, 31, 149, 'Trống'),
(4445, 31, 150, 'Trống'),
(4446, 31, 151, 'Trống'),
(4447, 31, 152, 'Trống'),
(4448, 31, 153, 'Trống'),
(4449, 31, 154, 'Trống'),
(4450, 31, 155, 'Trống'),
(4451, 31, 156, 'Trống'),
(4452, 31, 157, 'Trống'),
(4453, 31, 158, 'Trống'),
(4454, 31, 159, 'Trống'),
(4455, 31, 160, 'Trống'),
(4456, 31, 161, 'Trống'),
(4457, 31, 162, 'Trống'),
(4458, 31, 163, 'Đã đặt'),
(4459, 31, 164, 'Trống'),
(4460, 31, 165, 'Trống'),
(4461, 31, 166, 'Trống'),
(4462, 31, 167, 'Trống'),
(4463, 31, 168, 'Trống'),
(4464, 31, 169, 'Trống'),
(4465, 31, 170, 'Trống'),
(4466, 31, 171, 'Trống'),
(4467, 31, 172, 'Trống'),
(4468, 31, 173, 'Trống'),
(4469, 31, 174, 'Trống'),
(4470, 31, 175, 'Đã đặt'),
(4471, 31, 176, 'Trống'),
(4472, 26, 190, 'Trống'),
(4473, 26, 191, 'Trống'),
(4474, 26, 192, 'Trống'),
(4475, 26, 193, 'Trống'),
(4476, 26, 194, 'Trống'),
(4477, 26, 195, 'Trống'),
(4478, 26, 196, 'Trống'),
(4479, 26, 197, 'Trống'),
(4480, 26, 198, 'Trống'),
(4481, 26, 199, 'Trống'),
(4482, 26, 200, 'Trống'),
(4483, 26, 201, 'Trống'),
(4484, 26, 202, 'Đã đặt'),
(4485, 26, 203, 'Trống'),
(4486, 26, 204, 'Trống'),
(4487, 26, 205, 'Trống'),
(4488, 26, 206, 'Trống'),
(4489, 26, 207, 'Trống'),
(4490, 26, 208, 'Trống'),
(4491, 26, 209, 'Trống'),
(4492, 26, 210, 'Trống'),
(4493, 26, 211, 'Trống'),
(4494, 26, 212, 'Đã đặt'),
(4495, 26, 213, 'Trống'),
(4496, 26, 214, 'Trống'),
(4497, 26, 215, 'Trống'),
(4498, 26, 216, 'Trống'),
(4499, 26, 217, 'Trống'),
(4500, 26, 218, 'Trống'),
(4501, 26, 219, 'Trống'),
(4502, 26, 220, 'Trống'),
(4503, 26, 221, 'Đã đặt'),
(4504, 26, 222, 'Trống'),
(4505, 26, 223, 'Trống'),
(4506, 26, 224, 'Trống'),
(4507, 26, 225, 'Trống'),
(4508, 26, 226, 'Trống'),
(4509, 26, 227, 'Trống'),
(4510, 26, 228, 'Trống'),
(4511, 26, 229, 'Trống'),
(4512, 26, 230, 'Trống'),
(4513, 26, 231, 'Đã đặt'),
(4514, 26, 232, 'Đã đặt'),
(4515, 26, 233, 'Trống'),
(4516, 26, 234, 'Trống'),
(4517, 29, 190, 'Trống'),
(4518, 29, 191, 'Trống'),
(4519, 29, 192, 'Trống'),
(4520, 29, 193, 'Trống'),
(4521, 29, 194, 'Trống'),
(4522, 29, 195, 'Trống'),
(4523, 29, 196, 'Trống'),
(4524, 29, 197, 'Trống'),
(4525, 29, 198, 'Trống'),
(4526, 29, 199, 'Trống'),
(4527, 29, 200, 'Trống'),
(4528, 29, 201, 'Trống'),
(4529, 29, 202, 'Trống'),
(4530, 29, 203, 'Trống'),
(4531, 29, 204, 'Trống'),
(4532, 29, 205, 'Trống'),
(4533, 29, 206, 'Trống'),
(4534, 29, 207, 'Trống'),
(4535, 29, 208, 'Trống'),
(4536, 29, 209, 'Trống'),
(4537, 29, 210, 'Trống'),
(4538, 29, 211, 'Trống'),
(4539, 29, 212, 'Trống'),
(4540, 29, 213, 'Trống'),
(4541, 29, 214, 'Trống'),
(4542, 29, 215, 'Trống'),
(4543, 29, 216, 'Trống'),
(4544, 29, 217, 'Trống'),
(4545, 29, 218, 'Trống'),
(4546, 29, 219, 'Trống'),
(4547, 29, 220, 'Trống'),
(4548, 29, 221, 'Trống'),
(4549, 29, 222, 'Trống'),
(4550, 29, 223, 'Trống'),
(4551, 29, 224, 'Trống'),
(4552, 29, 225, 'Trống'),
(4553, 29, 226, 'Trống'),
(4554, 29, 227, 'Trống'),
(4555, 29, 228, 'Trống'),
(4556, 29, 229, 'Trống'),
(4557, 29, 230, 'Trống'),
(4558, 29, 231, 'Trống'),
(4559, 29, 232, 'Trống'),
(4560, 29, 233, 'Trống'),
(4561, 29, 234, 'Trống'),
(4562, 32, 190, 'Trống'),
(4563, 32, 191, 'Trống'),
(4564, 32, 192, 'Trống'),
(4565, 32, 193, 'Trống'),
(4566, 32, 194, 'Trống'),
(4567, 32, 195, 'Trống'),
(4568, 32, 196, 'Trống'),
(4569, 32, 197, 'Trống'),
(4570, 32, 198, 'Trống'),
(4571, 32, 199, 'Trống'),
(4572, 32, 200, 'Trống'),
(4573, 32, 201, 'Trống'),
(4574, 32, 202, 'Trống'),
(4575, 32, 203, 'Trống'),
(4576, 32, 204, 'Trống'),
(4577, 32, 205, 'Trống'),
(4578, 32, 206, 'Trống'),
(4579, 32, 207, 'Trống'),
(4580, 32, 208, 'Trống'),
(4581, 32, 209, 'Trống'),
(4582, 32, 210, 'Trống'),
(4583, 32, 211, 'Trống'),
(4584, 32, 212, 'Trống'),
(4585, 32, 213, 'Trống'),
(4586, 32, 214, 'Trống'),
(4587, 32, 215, 'Trống'),
(4588, 32, 216, 'Trống'),
(4589, 32, 217, 'Trống'),
(4590, 32, 218, 'Trống'),
(4591, 32, 219, 'Trống'),
(4592, 32, 220, 'Trống'),
(4593, 32, 221, 'Trống'),
(4594, 32, 222, 'Đã đặt'),
(4595, 32, 223, 'Đã đặt'),
(4596, 32, 224, 'Trống'),
(4597, 32, 225, 'Trống'),
(4598, 32, 226, 'Trống'),
(4599, 32, 227, 'Trống'),
(4600, 32, 228, 'Trống'),
(4601, 32, 229, 'Trống'),
(4602, 32, 230, 'Trống'),
(4603, 32, 231, 'Trống'),
(4604, 32, 232, 'Trống'),
(4605, 32, 233, 'Trống'),
(4606, 32, 234, 'Trống'),
(4607, 27, 253, 'Trống'),
(4608, 27, 254, 'Trống'),
(4609, 27, 255, 'Trống'),
(4610, 27, 256, 'Trống'),
(4611, 27, 257, 'Trống'),
(4612, 27, 258, 'Trống'),
(4613, 27, 259, 'Trống'),
(4614, 27, 260, 'Trống'),
(4615, 27, 261, 'Trống'),
(4616, 27, 262, 'Trống'),
(4617, 27, 263, 'Trống'),
(4618, 27, 264, 'Trống'),
(4619, 27, 265, 'Trống'),
(4620, 27, 266, 'Trống'),
(4621, 27, 267, 'Trống'),
(4622, 27, 268, 'Trống'),
(4623, 27, 269, 'Trống'),
(4624, 27, 270, 'Trống'),
(4625, 27, 271, 'Trống'),
(4626, 27, 272, 'Trống'),
(4627, 27, 273, 'Trống'),
(4628, 27, 274, 'Trống'),
(4629, 27, 275, 'Trống'),
(4630, 27, 276, 'Trống'),
(4631, 27, 277, 'Trống'),
(4632, 27, 278, 'Trống'),
(4633, 27, 279, 'Trống'),
(4634, 27, 280, 'Trống'),
(4635, 27, 281, 'Trống'),
(4636, 27, 282, 'Trống'),
(4637, 27, 283, 'Trống'),
(4638, 27, 284, 'Trống'),
(4639, 27, 285, 'Trống'),
(4640, 27, 286, 'Trống'),
(4641, 27, 287, 'Trống'),
(4642, 27, 288, 'Trống'),
(4643, 27, 289, 'Trống'),
(4644, 27, 290, 'Trống'),
(4645, 27, 291, 'Trống'),
(4646, 27, 292, 'Trống'),
(4647, 27, 293, 'Trống'),
(4648, 27, 294, 'Trống'),
(4649, 27, 295, 'Trống'),
(4650, 27, 296, 'Trống'),
(4651, 27, 297, 'Trống'),
(4652, 27, 298, 'Trống'),
(4653, 27, 299, 'Trống'),
(4654, 27, 300, 'Trống'),
(4655, 27, 301, 'Trống'),
(4656, 27, 302, 'Trống'),
(4657, 27, 303, 'Trống'),
(4658, 27, 304, 'Trống'),
(4659, 27, 305, 'Trống'),
(4660, 27, 306, 'Trống'),
(4661, 27, 307, 'Trống'),
(4662, 27, 308, 'Trống'),
(4663, 27, 309, 'Trống'),
(4664, 27, 310, 'Trống'),
(4665, 27, 311, 'Trống'),
(4666, 27, 312, 'Trống'),
(4667, 30, 253, 'Trống'),
(4668, 30, 254, 'Trống'),
(4669, 30, 255, 'Trống'),
(4670, 30, 256, 'Trống'),
(4671, 30, 257, 'Trống'),
(4672, 30, 258, 'Trống'),
(4673, 30, 259, 'Trống'),
(4674, 30, 260, 'Trống'),
(4675, 30, 261, 'Trống'),
(4676, 30, 262, 'Trống'),
(4677, 30, 263, 'Trống'),
(4678, 30, 264, 'Trống'),
(4679, 30, 265, 'Trống'),
(4680, 30, 266, 'Trống'),
(4681, 30, 267, 'Trống'),
(4682, 30, 268, 'Trống'),
(4683, 30, 269, 'Trống'),
(4684, 30, 270, 'Trống'),
(4685, 30, 271, 'Trống'),
(4686, 30, 272, 'Trống'),
(4687, 30, 273, 'Trống'),
(4688, 30, 274, 'Trống'),
(4689, 30, 275, 'Trống'),
(4690, 30, 276, 'Trống'),
(4691, 30, 277, 'Trống'),
(4692, 30, 278, 'Trống'),
(4693, 30, 279, 'Đã đặt'),
(4694, 30, 280, 'Trống'),
(4695, 30, 281, 'Trống'),
(4696, 30, 282, 'Trống'),
(4697, 30, 283, 'Trống'),
(4698, 30, 284, 'Trống'),
(4699, 30, 285, 'Trống'),
(4700, 30, 286, 'Trống'),
(4701, 30, 287, 'Trống'),
(4702, 30, 288, 'Trống'),
(4703, 30, 289, 'Trống'),
(4704, 30, 290, 'Trống'),
(4705, 30, 291, 'Trống'),
(4706, 30, 292, 'Trống'),
(4707, 30, 293, 'Trống'),
(4708, 30, 294, 'Trống'),
(4709, 30, 295, 'Trống'),
(4710, 30, 296, 'Trống'),
(4711, 30, 297, 'Đã đặt'),
(4712, 30, 298, 'Trống'),
(4713, 30, 299, 'Trống'),
(4714, 30, 300, 'Trống'),
(4715, 30, 301, 'Đã đặt'),
(4716, 30, 302, 'Trống'),
(4717, 30, 303, 'Trống'),
(4718, 30, 304, 'Trống'),
(4719, 30, 305, 'Đã đặt'),
(4720, 30, 306, 'Đã đặt'),
(4721, 30, 307, 'Trống'),
(4722, 30, 308, 'Đã đặt'),
(4723, 30, 309, 'Trống'),
(4724, 30, 310, 'Trống'),
(4725, 30, 311, 'Trống'),
(4726, 30, 312, 'Trống'),
(4727, 33, 253, 'Trống'),
(4728, 33, 254, 'Trống'),
(4729, 33, 255, 'Trống'),
(4730, 33, 256, 'Trống'),
(4731, 33, 257, 'Trống'),
(4732, 33, 258, 'Trống'),
(4733, 33, 259, 'Trống'),
(4734, 33, 260, 'Trống'),
(4735, 33, 261, 'Trống'),
(4736, 33, 262, 'Trống'),
(4737, 33, 263, 'Trống'),
(4738, 33, 264, 'Trống'),
(4739, 33, 265, 'Trống'),
(4740, 33, 266, 'Trống'),
(4741, 33, 267, 'Trống'),
(4742, 33, 268, 'Trống'),
(4743, 33, 269, 'Trống'),
(4744, 33, 270, 'Trống'),
(4745, 33, 271, 'Trống'),
(4746, 33, 272, 'Trống'),
(4747, 33, 273, 'Trống'),
(4748, 33, 274, 'Trống'),
(4749, 33, 275, 'Trống'),
(4750, 33, 276, 'Trống'),
(4751, 33, 277, 'Trống'),
(4752, 33, 278, 'Trống'),
(4753, 33, 279, 'Trống'),
(4754, 33, 280, 'Trống'),
(4755, 33, 281, 'Trống'),
(4756, 33, 282, 'Trống'),
(4757, 33, 283, 'Trống'),
(4758, 33, 284, 'Trống'),
(4759, 33, 285, 'Trống'),
(4760, 33, 286, 'Trống'),
(4761, 33, 287, 'Trống'),
(4762, 33, 288, 'Trống'),
(4763, 33, 289, 'Trống'),
(4764, 33, 290, 'Trống'),
(4765, 33, 291, 'Trống'),
(4766, 33, 292, 'Trống'),
(4767, 33, 293, 'Trống'),
(4768, 33, 294, 'Trống'),
(4769, 33, 295, 'Trống'),
(4770, 33, 296, 'Trống'),
(4771, 33, 297, 'Trống'),
(4772, 33, 298, 'Trống'),
(4773, 33, 299, 'Trống'),
(4774, 33, 300, 'Trống'),
(4775, 33, 301, 'Trống'),
(4776, 33, 302, 'Trống'),
(4777, 33, 303, 'Trống'),
(4778, 33, 304, 'Trống'),
(4779, 33, 305, 'Trống'),
(4780, 33, 306, 'Trống'),
(4781, 33, 307, 'Trống'),
(4782, 33, 308, 'Đã đặt'),
(4783, 33, 309, 'Đã đặt'),
(4784, 33, 310, 'Trống'),
(4785, 33, 311, 'Trống'),
(4786, 33, 312, 'Trống');

-- --------------------------------------------------------

--
-- Cấu trúc bảng cho bảng `khachhang`
--

CREATE TABLE `khachhang` (
  `MaKH` int(11) NOT NULL,
  `HoTen` varchar(100) DEFAULT NULL,
  `SoDienThoai` varchar(15) DEFAULT NULL,
  `NgaySinh` date DEFAULT NULL,
  `Email` varchar(100) DEFAULT NULL,
  `MatKhau` varchar(100) DEFAULT NULL
) ENGINE=InnoDB DEFAULT CHARSET=utf8mb4 COLLATE=utf8mb4_general_ci;

--
-- Đang đổ dữ liệu cho bảng `khachhang`
--

INSERT INTO `khachhang` (`MaKH`, `HoTen`, `SoDienThoai`, `NgaySinh`, `Email`, `MatKhau`) VALUES
(1, 'Nguyễn Thị Minh Anh', '0912345678', '2010-05-01', 'anh@gmail.com', '123'),
(2, 'Trần Văn Nam', '0987654321', '1998-09-21', 'nam@gmail.com', '123'),
(3, 'Lê Hồng Phúc', '0933123123', '2002-01-01', 'phuc@gmail.com', '123'),
(4, 'Phạm Văn A', '0901234567', '1995-03-20', 'a@gmail.com', '123'),
(5, 'Lê Thị B', '0912345679', '1997-07-15', 'b@gmail.com', '123'),
(6, 'Nguyễn Văn C', '0923456780', '2001-11-05', 'c@gmail.com', '123'),
(7, 'Trần Thị D', '0934567891', '1989-02-28', 'd@gmail.com', '123'),
(8, 'Hoàng Văn E', '0945678902', '2003-06-10', 'e@gmail.com', '123'),
(9, 'Vũ Thị F', '0956789013', '1992-09-22', 'f@gmail.com', '123'),
(10, 'Đặng Văn G', '0967890124', '1998-12-30', 'g@gmail.com', '123'),
(11, 'Bùi Thị H', '0978901235', '2000-04-17', 'h@gmail.com', '123'),
(12, 'Ngô Văn I', '0989012346', '1996-08-09', 'i@gmail.com', '123'),
(13, 'Đỗ Thị J', '0990123457', '2004-01-25', 'j@gmail.com', '123');

-- --------------------------------------------------------

--
-- Cấu trúc bảng cho bảng `phieutamtinh`
--

CREATE TABLE `phieutamtinh` (
  `MaPhieu` int(11) NOT NULL,
  `MaKH` int(11) DEFAULT NULL,
  `MaSuat` int(11) DEFAULT NULL,
  `NgayLap` datetime DEFAULT NULL,
  `TongTien` decimal(10,2) DEFAULT NULL,
  `TrangThai` enum('Tạm giữ','Xác nhận') DEFAULT NULL
) ENGINE=InnoDB DEFAULT CHARSET=utf8mb4 COLLATE=utf8mb4_general_ci;

--
-- Đang đổ dữ liệu cho bảng `phieutamtinh`
--

INSERT INTO `phieutamtinh` (`MaPhieu`, `MaKH`, `MaSuat`, `NgayLap`, `TongTien`, `TrangThai`) VALUES
(1, 1, 1, '2025-10-10 08:59:10', 240000.00, 'Xác nhận'),
(2, 2, 2, '2025-10-10 08:59:10', 162000.00, 'Tạm giữ'),
(3, 3, 3, '2025-10-10 08:59:10', 204000.00, 'Xác nhận'),
(4, 1, 4, '2025-10-10 08:59:10', 270000.00, 'Tạm giữ'),
(5, 2, 5, '2025-10-10 08:59:10', 198000.00, 'Xác nhận'),
(7, 4, 7, '2025-10-10 10:09:32', 180000.00, 'Tạm giữ'),
(8, 5, 8, '2025-10-10 10:09:32', 250000.00, 'Xác nhận'),
(9, 6, 9, '2025-10-10 10:09:32', 200000.00, 'Tạm giữ'),
(10, 7, 10, '2025-10-10 10:09:32', 300000.00, 'Xác nhận'),
(11, 8, 11, '2025-10-10 10:09:32', 150000.00, 'Tạm giữ'),
(12, 9, 12, '2025-10-10 10:09:32', 220000.00, 'Xác nhận'),
(13, 10, 13, '2025-10-10 10:09:32', 190000.00, 'Tạm giữ'),
(14, 1, 1, '2025-10-10 10:14:42', 240000.00, 'Xác nhận'),
(15, 2, 2, '2025-10-10 10:14:42', 162000.00, 'Tạm giữ'),
(16, 3, 3, '2025-10-10 10:14:42', 204000.00, 'Xác nhận'),
(17, 1, 4, '2025-10-10 10:14:42', 270000.00, 'Tạm giữ'),
(18, 2, 5, '2025-10-10 10:14:42', 198000.00, 'Xác nhận'),
(19, 3, 6, '2025-10-10 10:14:42', 0.00, 'Tạm giữ'),
(20, 1, 2, '2025-10-10 10:36:23', 180000.00, 'Xác nhận'),
(21, 1, 2, '2025-10-10 11:22:58', 270000.00, 'Tạm giữ'),
(22, 1, 2, '2025-10-10 11:26:47', 270000.00, 'Tạm giữ'),
(23, 1, 2, '2025-10-10 11:26:57', 180000.00, 'Tạm giữ'),
(24, 1, 2, '2025-10-10 11:36:55', 180000.00, 'Tạm giữ'),
(25, 1, 2, '2025-10-10 11:37:13', 180000.00, 'Tạm giữ'),
(26, 1, 1, '2025-10-10 12:02:46', 90000.00, 'Tạm giữ'),
(27, 1, 1, '2025-10-10 12:13:51', 90000.00, 'Tạm giữ'),
(28, 1, 56, '2025-10-10 12:21:52', 90000.00, 'Tạm giữ'),
(29, 1, 56, '2025-10-10 12:37:51', 288000.00, 'Tạm giữ'),
(30, 1, 56, '2025-10-10 12:44:25', 288000.00, 'Tạm giữ'),
(31, 1, 56, '2025-10-10 12:45:05', 90000.00, 'Tạm giữ'),
(32, 1, 3, '2025-10-10 12:59:28', 90000.00, 'Tạm giữ'),
(33, 1, 27, '2025-10-10 13:03:20', 180000.00, 'Tạm giữ'),
(34, 1, 27, '2025-10-10 13:13:28', 180000.00, 'Tạm giữ'),
(35, 1, 3, '2025-10-10 13:13:39', 198000.00, 'Xác nhận'),
(36, 1, 3, '2025-10-10 13:24:46', 180000.00, 'Tạm giữ'),
(37, 1, 3, '2025-10-10 13:35:57', 180000.00, 'Tạm giữ'),
(39, 1, 35, '2025-10-10 14:06:52', 114000.00, 'Tạm giữ'),
(41, 1, 56, '2025-10-10 14:13:28', 180000.00, 'Tạm giữ'),
(42, 1, 28, '2025-10-10 14:48:49', 160000.00, 'Tạm giữ'),
(43, 1, 1, '2025-10-10 14:55:19', 180000.00, 'Tạm giữ'),
(47, 1, 20, '2025-10-10 17:56:01', 176000.00, 'Xác nhận'),
(57, 1, 30, '2025-10-11 20:19:02', 336000.00, 'Xác nhận'),
(58, 1, 7, '2025-10-11 20:28:53', 289000.00, 'Xác nhận'),
(59, 1, 7, '2025-10-11 20:29:49', 272000.00, 'Xác nhận'),
(60, 1, 26, '2025-10-11 20:30:17', 270000.00, 'Xác nhận'),
(61, 1, 3, '2025-10-11 20:45:27', 288000.00, 'Xác nhận'),
(62, 1, 3, '2025-10-11 20:45:42', 270000.00, 'Xác nhận'),
(63, 1, 13, '2025-10-11 22:07:32', 180000.00, 'Xác nhận'),
(64, 1, 13, '2025-10-11 22:10:33', 180000.00, 'Tạm giữ'),
(65, 1, 13, '2025-10-11 22:10:50', 180000.00, 'Tạm giữ'),
(66, 1, 12, '2025-10-11 22:15:05', 180000.00, 'Tạm giữ'),
(67, 1, 12, '2025-10-11 22:15:21', 108000.00, 'Xác nhận'),
(68, 1, 26, '2025-10-11 22:50:07', 216000.00, 'Xác nhận'),
(69, 1, 1, '2025-10-11 22:51:34', 180000.00, 'Tạm giữ'),
(70, 1, 1, '2025-10-11 22:51:54', 180000.00, 'Xác nhận'),
(71, 1, 1, '2025-10-11 22:52:11', 216000.00, 'Xác nhận'),
(72, 1, 1, '2025-10-11 22:52:52', 180000.00, 'Xác nhận'),
(73, 1, 24, '2025-10-11 22:53:05', 180000.00, 'Xác nhận'),
(74, 1, 22, '2025-10-11 22:54:14', 192000.00, 'Xác nhận'),
(75, 1, 1, '2025-10-11 22:56:48', 180000.00, 'Xác nhận'),
(76, 1, 3, '2025-10-11 23:00:12', 288000.00, 'Xác nhận'),
(77, 1, 21, '2025-10-11 23:00:48', 211200.00, 'Xác nhận'),
(78, 1, 32, '2025-10-11 23:05:17', 170000.00, 'Xác nhận'),
(79, 1, 6, '2025-10-11 23:05:27', 204000.00, 'Xác nhận'),
(80, 1, 6, '2025-10-11 23:05:39', 170000.00, 'Xác nhận'),
(81, 1, 7, '2025-10-11 23:05:49', 187000.00, 'Xác nhận'),
(82, 1, 7, '2025-10-11 23:06:01', 204000.00, 'Xác nhận'),
(83, 1, 11, '2025-10-11 23:27:44', 278800.00, 'Xác nhận'),
(84, 1, 11, '2025-10-11 23:28:03', 196800.00, 'Xác nhận'),
(85, 1, 14, '2025-10-11 23:28:16', 93600.00, 'Xác nhận'),
(86, 1, 23, '2025-10-11 23:28:48', 108000.00, 'Xác nhận'),
(87, 1, 14, '2025-10-11 23:31:55', 78000.00, 'Xác nhận'),
(88, 1, 1, '2025-10-11 23:54:23', 180000.00, 'Xác nhận'),
(89, 1, 3, '2025-10-12 00:00:51', 180000.00, 'Xác nhận'),
(90, 1, 11, '2025-10-13 12:20:27', 196800.00, 'Xác nhận'),
(91, 1, 10, '2025-10-13 12:20:51', 98400.00, 'Xác nhận'),
(92, 1, 28, '2025-10-13 12:21:45', 192000.00, 'Xác nhận'),
(93, 1, 28, '2025-10-13 12:22:02', 160000.00, 'Xác nhận'),
(94, 1, 28, '2025-10-13 12:26:14', 160000.00, 'Xác nhận'),
(95, 1, 30, '2025-10-13 12:26:47', 192000.00, 'Xác nhận'),
(96, 1, 28, '2025-10-13 12:27:15', 160000.00, 'Xác nhận'),
(97, 1, 28, '2025-10-13 12:27:32', 96000.00, 'Xác nhận'),
(98, 1, 9, '2025-10-13 12:31:21', 150000.00, 'Xác nhận'),
(99, 1, 28, '2025-10-13 12:51:08', 176000.00, 'Tạm giữ'),
(100, 1, 28, '2025-10-13 12:51:08', 176000.00, 'Xác nhận'),
(101, 1, 1, '2025-10-13 12:58:20', 198000.00, 'Xác nhận'),
(102, 1, 7, '2025-10-13 13:09:30', 170000.00, 'Xác nhận'),
(103, 1, 7, '2025-10-13 13:09:55', 102000.00, 'Tạm giữ'),
(104, 1, 33, '2025-10-13 13:11:51', 204000.00, 'Xác nhận'),
(105, 1, 7, '2025-10-13 13:12:56', 170000.00, 'Xác nhận'),
(106, 1, 31, '2025-10-13 13:13:20', 187000.00, 'Xác nhận'),
(107, 1, 6, '2025-10-13 13:13:45', 204000.00, 'Xác nhận'),
(108, 1, 6, '2025-10-13 13:15:48', 204000.00, 'Xác nhận');

-- --------------------------------------------------------

--
-- Cấu trúc bảng cho bảng `phim`
--

CREATE TABLE `phim` (
  `MaPhim` int(11) NOT NULL,
  `TenPhim` varchar(100) DEFAULT NULL,
  `Poster` varchar(255) DEFAULT NULL,
  `MoTaNgan` varchar(255) DEFAULT NULL,
  `ThoiLuong` int(11) DEFAULT NULL,
  `NgayKhoiChieu` date DEFAULT NULL,
  `TuoiGioiHan` int(11) DEFAULT NULL,
  `TrangThai` enum('Đang chiếu','Sắp chiếu') DEFAULT NULL,
  `GiaCoBan` decimal(10,2) DEFAULT NULL
) ENGINE=InnoDB DEFAULT CHARSET=utf8mb4 COLLATE=utf8mb4_general_ci;

--
-- Đang đổ dữ liệu cho bảng `phim`
--

INSERT INTO `phim` (`MaPhim`, `TenPhim`, `Poster`, `MoTaNgan`, `ThoiLuong`, `NgayKhoiChieu`, `TuoiGioiHan`, `TrangThai`, `GiaCoBan`) VALUES
(1, 'Tử Chiến Trên Không', 'https://touchcinema.com/uploads/slider-app/470x700-1758441919-poster.jpg', 'Một cuộc chiến kịch liệt giữa bầu trời và định mệnh.', 120, '2025-09-22', 16, 'Đang chiếu', 90000.00),
(2, 'Chị Ngã Em Nâng', 'https://encrypted-tbn0.gstatic.com/images?q=tbn:ANd9GcS3qYT3LsUv-1-4cMxX3MfCQ1SHLipYFguSwg&s', 'Tình yêu và hy sinh giữa hai chị em trong hoàn cảnh khó khăn.', 105, '2025-09-10', 13, 'Đang chiếu', 80000.00),
(3, 'Tay Anh Giữ Một Vì Sao', 'https://cdn.tienphong.vn/images/bf3fb82350478ded160cbf5b0122a11b6356690b9015cdbee315c50ee02b19b87b5983d3d5cff9d0688140c9ce675ec5/tay-anh.jpg', 'Chuyện tình vượt thời gian và khó khăn thử thách.', 110, '2025-09-18', 13, 'Đang chiếu', 85000.00),
(4, 'Nhà Búp Bê Của Baggy', 'https://starlight.vn/Areas/Admin/Content/Fileuploads/images/Poster2024/Nha-bup-be-cua-Gabby.jpg', 'Hành trình tìm lại bản thân qua những con búp bê ký ức.', 100, '2025-09-05', 7, 'Đang chiếu', 75000.00),
(5, 'Vận May', 'https://iguov8nhvyobj.vcdn.cloud/media/catalog/product/cache/1/image/c5f0a1eff4c394a251036189ccddaacd/p/o/poster_van_may_1_2_.jpg', 'Cơ hội bất ngờ thay đổi cuộc đời người trẻ.', 115, '2025-08-28', 13, 'Đang chiếu', 82000.00),
(6, 'Điện Thoại Đen 2', 'https://iguov8nhvyobj.vcdn.cloud/media/catalog/product/cache/1/image/c5f0a1eff4c394a251036189ccddaacd/4/7/470x700-tbp2.jpg', 'Tiếp nối những bí ẩn từ phần 1, điện thoại đen hé lộ nhiều bí mật.', 125, '2025-08-30', 16, 'Đang chiếu', 90000.00),
(7, 'Nhà Ma Xó', 'https://encrypted-tbn0.gstatic.com/images?q=tbn:ANd9GcQP81mprfGFc9UbV4LOSWXgovsJ21ra8Ec1NA&s', 'Căn nhà bí hiểm và những hồn ma chưa siêu thoát.', 95, '2025-09-20', 18, 'Đang chiếu', 78000.00),
(8, 'Conan: Trận Chiến Hồng Hải', 'https://cdn.popsww.com/blog/sites/2/2023/02/conan-movie-26.jpg', 'Cuộc điều tra kịch tính giữa hải trình và tội ác.', 125, '2025-09-12', 13, 'Đang chiếu', 95000.00),
(9, 'Mưa Trên Cánh Bướm', 'https://vcdn1-giaitri.vnecdn.net/2025/01/07/poster-phim-Mua-Tren-Canh-Buom-1310-8800-1736240789.jpg?w=0&h=0&q=100&dpr=2&fit=crop&s=mszldiVeV8ss7e48p2r5Yw', 'Câu chuyện cảm động về tình yêu và mất mát.', 130, '2025-08-20', 13, 'Đang chiếu', 80000.00),
(10, 'Đèn Âm Hồn', 'https://static.elle.vn/img/vwiwFxdLlpVRerjkidqj5Neevy5DOMN9AsO8dxg8RNQ/rs:fit:0:0/min-height:300/plain/http://www.elle.vn/app/uploads/2025/02/12/638117/hinh-1-phim-den-am-hon.jpg@webp', 'Tình yêu bị kết nối với thế giới âm u.', 100, '2025-07-10', 18, 'Đang chiếu', 78000.00),
(11, 'Mang Mẹ Đi Bỏ', 'https://thegioidienanh.vn/stores/news_dataimages/2025/052025/09/14/mmdb-poster-first-look-2000x2500px20250509145745.jpg?rt=20250509150517', 'Câu chuyện mẹ con trong hành trình ly kỳ đầy cảm xúc.', 112, '2025-08-05', 13, 'Đang chiếu', 83000.00),
(12, 'Trò Chơi Ảo Giác: Ares', 'https://encrypted-tbn0.gstatic.com/images?q=tbn:ANd9GcRFiF2JflLkBoDgZhYAgQQWbk5OVerLY6EF1g&s', 'Thế giới ảo giác nơi ranh giới thực – ảo mơ hồ.', 115, '2025-10-10', 16, 'Sắp chiếu', 88000.00),
(13, 'Những Lá Thư Của Yeon', 'https://cdn.galaxycine.vn/media/2025/10/1/your-letter-750_1759313941673.jpg', 'Những bức thư kết nối con người qua không gian và thời gian.', 105, '2025-10-12', 13, 'Sắp chiếu', 80000.00),
(14, 'Chú Thuật Hồi Chiến: Hoài Ngọc / Ngọc Chiết', 'https://encrypted-tbn0.gstatic.com/images?q=tbn:ANd9GcQLaFZ-wpo3jKn98tyhCNM-ilAOvIBY8BwQGg&s', 'Phép thuật, âm dương – mâu thuẫn giữa hai linh hồn.', 120, '2025-11-02', 13, 'Sắp chiếu', 90000.00),
(15, 'Exit 8: Ga tàu vô tận ', 'https://iguov8nhvyobj.vcdn.cloud/media/catalog/product/cache/1/image/c5f0a1eff4c394a251036189ccddaacd/e/x/exit8-main-poster.jpg', 'Bô phim xoay quanh một chàng trai trẻ bị mắc kẹt trong một hành lang tàu điện ngầm vô tận và lạnh lẽo. Tại đây, anh chàng bất đắc dĩ phải tham gia một trò chơi tìm kiếm \"lối ra số 8\". Giữa mê cung vô tận với những cơn ảo giác ập đến, liệu anh chàng có thể', 95, '2025-10-09', 16, 'Đang chiếu', 95000.00);

-- --------------------------------------------------------

--
-- Cấu trúc bảng cho bảng `phongchieu`
--

CREATE TABLE `phongchieu` (
  `MaPhong` int(11) NOT NULL,
  `TenPhong` varchar(50) DEFAULT NULL,
  `TongSoGhe` int(11) DEFAULT NULL
) ENGINE=InnoDB DEFAULT CHARSET=utf8mb4 COLLATE=utf8mb4_general_ci;

--
-- Đang đổ dữ liệu cho bảng `phongchieu`
--

INSERT INTO `phongchieu` (`MaPhong`, `TenPhong`, `TongSoGhe`) VALUES
(1, 'Phòng 1', 44),
(2, 'Phòng 2', 35),
(3, 'Phòng 3', 50),
(4, 'Phòng 4', 45),
(5, 'Phòng 5', 60),
(6, 'Phòng 1', 0),
(7, 'Phòng 2', 0);

-- --------------------------------------------------------

--
-- Cấu trúc bảng cho bảng `suatchieu`
--

CREATE TABLE `suatchieu` (
  `MaSuat` int(11) NOT NULL,
  `MaPhim` int(11) DEFAULT NULL,
  `MaPhong` int(11) DEFAULT NULL,
  `NgayChieu` date DEFAULT NULL,
  `GioBatDau` time DEFAULT NULL
) ENGINE=InnoDB DEFAULT CHARSET=utf8mb4 COLLATE=utf8mb4_general_ci;

--
-- Đang đổ dữ liệu cho bảng `suatchieu`
--

INSERT INTO `suatchieu` (`MaSuat`, `MaPhim`, `MaPhong`, `NgayChieu`, `GioBatDau`) VALUES
(1, 1, 1, '2025-11-01', '18:00:00'),
(2, 1, 1, '2025-11-03', '20:30:00'),
(3, 1, 2, '2025-11-01', '19:00:00'),
(4, 2, 1, '2025-11-04', '17:30:00'),
(5, 2, 2, '2025-11-01', '20:00:00'),
(6, 3, 1, '2025-11-02', '18:45:00'),
(7, 3, 2, '2025-11-02', '21:00:00'),
(8, 4, 1, '2025-11-02', '16:00:00'),
(9, 4, 2, '2025-11-02', '18:30:00'),
(10, 5, 2, '2025-11-01', '19:30:00'),
(11, 5, 1, '2025-11-01', '21:45:00'),
(12, 6, 1, '2025-11-01', '17:00:00'),
(13, 6, 2, '2025-11-01', '19:30:00'),
(14, 7, 1, '2025-11-01', '18:15:00'),
(19, 11, 2, '2025-11-01', '17:45:00'),
(20, 12, 1, '2025-11-03', '18:00:00'),
(21, 12, 2, '2025-11-03', '20:30:00'),
(22, 13, 1, '2025-11-04', '17:30:00'),
(23, 14, 2, '2025-11-04', '19:45:00'),
(24, 1, 3, '2025-11-02', '09:00:00'),
(25, 1, 3, '2025-11-02', '11:30:00'),
(26, 1, 4, '2025-11-02', '14:00:00'),
(27, 1, 5, '2025-11-03', '16:30:00'),
(28, 2, 3, '2025-11-02', '10:00:00'),
(29, 2, 4, '2025-11-02', '12:30:00'),
(30, 2, 5, '2025-11-03', '15:00:00'),
(31, 3, 3, '2025-11-02', '11:00:00'),
(32, 3, 4, '2025-11-03', '13:30:00'),
(33, 3, 5, '2025-11-03', '16:00:00'),
(35, 15, 2, '2025-11-03', '12:00:00'),
(56, 1, 1, '2025-11-01', '20:30:00'),
(78, 7, 2, '2025-11-04', '20:45:00');

--
-- Chỉ mục cho các bảng đã đổ
--

--
-- Chỉ mục cho bảng `chitietphieu`
--
ALTER TABLE `chitietphieu`
  ADD PRIMARY KEY (`MaCT`),
  ADD KEY `MaPhieu` (`MaPhieu`),
  ADD KEY `MaGhe` (`MaGhe`);

--
-- Chỉ mục cho bảng `ghe`
--
ALTER TABLE `ghe`
  ADD PRIMARY KEY (`MaGhe`),
  ADD UNIQUE KEY `unique_ghe_per_phong` (`MaPhong`,`SoGhe`),
  ADD KEY `idx_maphong` (`MaPhong`);

--
-- Chỉ mục cho bảng `ghesuatchieu`
--
ALTER TABLE `ghesuatchieu`
  ADD PRIMARY KEY (`MaGheSuat`),
  ADD KEY `MaGhe` (`MaGhe`),
  ADD KEY `idx_masuatt` (`MaSuat`);

--
-- Chỉ mục cho bảng `khachhang`
--
ALTER TABLE `khachhang`
  ADD PRIMARY KEY (`MaKH`),
  ADD UNIQUE KEY `SoDienThoai` (`SoDienThoai`);

--
-- Chỉ mục cho bảng `phieutamtinh`
--
ALTER TABLE `phieutamtinh`
  ADD PRIMARY KEY (`MaPhieu`),
  ADD KEY `MaKH` (`MaKH`),
  ADD KEY `MaSuat` (`MaSuat`),
  ADD KEY `idx_ngaylap` (`NgayLap`);

--
-- Chỉ mục cho bảng `phim`
--
ALTER TABLE `phim`
  ADD PRIMARY KEY (`MaPhim`);

--
-- Chỉ mục cho bảng `phongchieu`
--
ALTER TABLE `phongchieu`
  ADD PRIMARY KEY (`MaPhong`);

--
-- Chỉ mục cho bảng `suatchieu`
--
ALTER TABLE `suatchieu`
  ADD PRIMARY KEY (`MaSuat`),
  ADD KEY `MaPhong` (`MaPhong`),
  ADD KEY `idx_maphim` (`MaPhim`);

--
-- AUTO_INCREMENT cho các bảng đã đổ
--

--
-- AUTO_INCREMENT cho bảng `chitietphieu`
--
ALTER TABLE `chitietphieu`
  MODIFY `MaCT` int(11) NOT NULL AUTO_INCREMENT, AUTO_INCREMENT=259;

--
-- AUTO_INCREMENT cho bảng `ghe`
--
ALTER TABLE `ghe`
  MODIFY `MaGhe` int(11) NOT NULL AUTO_INCREMENT, AUTO_INCREMENT=505;

--
-- AUTO_INCREMENT cho bảng `ghesuatchieu`
--
ALTER TABLE `ghesuatchieu`
  MODIFY `MaGheSuat` int(11) NOT NULL AUTO_INCREMENT, AUTO_INCREMENT=4917;

--
-- AUTO_INCREMENT cho bảng `khachhang`
--
ALTER TABLE `khachhang`
  MODIFY `MaKH` int(11) NOT NULL AUTO_INCREMENT, AUTO_INCREMENT=17;

--
-- AUTO_INCREMENT cho bảng `phieutamtinh`
--
ALTER TABLE `phieutamtinh`
  MODIFY `MaPhieu` int(11) NOT NULL AUTO_INCREMENT, AUTO_INCREMENT=109;

--
-- AUTO_INCREMENT cho bảng `phim`
--
ALTER TABLE `phim`
  MODIFY `MaPhim` int(11) NOT NULL AUTO_INCREMENT, AUTO_INCREMENT=45;

--
-- AUTO_INCREMENT cho bảng `phongchieu`
--
ALTER TABLE `phongchieu`
  MODIFY `MaPhong` int(11) NOT NULL AUTO_INCREMENT, AUTO_INCREMENT=8;

--
-- AUTO_INCREMENT cho bảng `suatchieu`
--
ALTER TABLE `suatchieu`
  MODIFY `MaSuat` int(11) NOT NULL AUTO_INCREMENT, AUTO_INCREMENT=79;

--
-- Các ràng buộc cho các bảng đã đổ
--

--
-- Các ràng buộc cho bảng `chitietphieu`
--
ALTER TABLE `chitietphieu`
  ADD CONSTRAINT `chitietphieu_ibfk_1` FOREIGN KEY (`MaPhieu`) REFERENCES `phieutamtinh` (`MaPhieu`),
  ADD CONSTRAINT `chitietphieu_ibfk_2` FOREIGN KEY (`MaGhe`) REFERENCES `ghe` (`MaGhe`);

--
-- Các ràng buộc cho bảng `ghe`
--
ALTER TABLE `ghe`
  ADD CONSTRAINT `ghe_ibfk_1` FOREIGN KEY (`MaPhong`) REFERENCES `phongchieu` (`MaPhong`);

--
-- Các ràng buộc cho bảng `ghesuatchieu`
--
ALTER TABLE `ghesuatchieu`
  ADD CONSTRAINT `ghesuatchieu_ibfk_1` FOREIGN KEY (`MaSuat`) REFERENCES `suatchieu` (`MaSuat`),
  ADD CONSTRAINT `ghesuatchieu_ibfk_2` FOREIGN KEY (`MaGhe`) REFERENCES `ghe` (`MaGhe`);

--
-- Các ràng buộc cho bảng `phieutamtinh`
--
ALTER TABLE `phieutamtinh`
  ADD CONSTRAINT `phieutamtinh_ibfk_1` FOREIGN KEY (`MaKH`) REFERENCES `khachhang` (`MaKH`),
  ADD CONSTRAINT `phieutamtinh_ibfk_2` FOREIGN KEY (`MaSuat`) REFERENCES `suatchieu` (`MaSuat`);

--
-- Các ràng buộc cho bảng `suatchieu`
--
ALTER TABLE `suatchieu`
  ADD CONSTRAINT `suatchieu_ibfk_1` FOREIGN KEY (`MaPhim`) REFERENCES `phim` (`MaPhim`),
  ADD CONSTRAINT `suatchieu_ibfk_2` FOREIGN KEY (`MaPhong`) REFERENCES `phongchieu` (`MaPhong`);
COMMIT;

/*!40101 SET CHARACTER_SET_CLIENT=@OLD_CHARACTER_SET_CLIENT */;
/*!40101 SET CHARACTER_SET_RESULTS=@OLD_CHARACTER_SET_RESULTS */;
/*!40101 SET COLLATION_CONNECTION=@OLD_COLLATION_CONNECTION */;